CLAIM_ID,PATIENT_ID,PROVIDER_ID,CLAIM_AMOUNT,CLAIM_DATE,DIAGNOSIS_CODE
CLM100001,PAT1692,PRV279,11153.77,2026-07-02,J45.909
CLM100002,PAT1819,PRV181,6452.91,2026-07-06,J45.909
CLM100003,PAT1505,PRV206,12290.63,2026-04-28,I10
CLM100004,PAT1870,PRV142,7339.19,2026-02-02,INVALID_CODE
CLM100005,PAT1184,PRV281,14921.97,2026-05-02,M25.50
CLM100006,PAT1722,PRV218,3076.82,2026-03-07,J45.909
CLM100007,PAT1557,PRV170,10459.16,2026-04-10,E11.9
CLM100008,PAT1039,PRV246,6511.85,2026-03-30,J45.909
CLM100009,PAT1951,PRV229,2579.17,2026-01-30,I10
CLM100010,PAT1117,PRV279,4724.71,2026-02-11,M25.50
CLM100011,PAT1758,PRV140,7628.75,2026-04-12,J45.909
CLM100012,PAT1374,PRV162,11473.65,2026-06-05,Z00.00
CLM100013,PAT1961,PRV295,8884.95,2026-05-28,E11.9
CLM100014,PAT1913,PRV276,12404.66,2026-03-15,I10
CLM100015,PAT1014,PRV190,599.24,2026-05-24,E11.9
CLM100016,PAT1886,PRV258,10185.09,2026-06-16,I10
CLM100017,PAT1612,PRV104,12359.05,2026-04-20,M25.50
CLM100018,PAT1812,PRV195,11941.07,2026-03-26,INVALID_CODE
CLM100019,PAT1218,PRV131,821.28,2026-04-13,Z00.00
CLM100020,PAT1362,PRV276,11523.34,2026-06-02,I10
CLM100021,PAT1468,PRV217,14820.36,2026-01-04,I10
CLM100022,PAT1425,PRV108,3538.88,2026-01-15,I10
CLM100023,PAT1215,PRV119,3790.83,2026-06-21,E11.9
CLM100024,PAT1909,PRV196,13092.81,2026-05-26,M25.50
CLM100025,PAT1049,PRV231,7696.38,2026-05-16,INVALID_CODE
CLM100026,PAT1427,PRV158,1461.64,2026-03-18,INVALID_CODE
CLM100027,PAT1132,PRV274,7677.11,2026-01-23,INVALID_CODE
CLM100028,PAT1787,PRV178,5994.15,2026-05-07,M25.50
CLM100029,PAT1557,PRV127,8912.82,2026-04-11,M25.50
CLM100030,PAT1556,PRV206,12216.4,2026-03-04,J45.909
CLM100031,PAT1806,PRV208,9984.39,2026-05-19,E11.9
CLM100032,PAT1501,PRV135,7195.08,2026-02-20,J45.909
CLM100033,PAT1915,PRV232,10100.57,2026-06-24,M25.50
CLM100034,PAT1774,PRV134,10517.37,2026-03-17,I10
CLM100035,PAT1494,PRV181,1245.28,2026-03-03,I10
CLM100036,PAT1629,PRV118,6544.04,2026-04-17,I10
CLM100037,PAT1605,PRV286,13959.73,2026-01-15,Z00.00
CLM100038,PAT1321,PRV252,10731.33,2026-07-16,Z00.00
CLM100039,PAT1610,PRV128,1008.62,2026-05-17,INVALID_CODE
CLM100040,PAT1191,PRV140,9496.37,2026-05-30,M25.50
CLM100041,PAT1079,PRV284,14581.3,2026-05-25,I10
CLM100042,PAT1964,PRV215,8941.47,2026-02-06,J45.909
CLM100043,PAT1835,PRV160,153.58,2026-03-17,J45.909
CLM100044,PAT1968,PRV281,14600.33,2026-03-31,Z00.00
CLM100045,PAT1474,PRV195,5049.57,2026-06-13,E11.9
CLM100046,PAT1347,PRV159,11385.06,2026-06-05,E11.9
CLM100047,PAT1149,PRV215,3007.47,2026-06-20,J45.909
CLM100048,PAT1157,PRV254,3076.76,2026-04-27,I10
CLM100049,PAT1015,PRV200,13563.43,2026-02-06,INVALID_CODE
CLM100050,PAT1834,PRV178,13770.21,2026-05-15,I10
CLM100051,PAT1949,PRV201,7418.52,2026-07-20,INVALID_CODE
CLM100052,PAT1831,PRV240,5860.32,2026-03-16,Z00.00
CLM100053,PAT1956,PRV243,11355.37,2026-05-14,M25.50
CLM100054,PAT1761,PRV204,5568.81,2026-04-10,INVALID_CODE
CLM100055,PAT1001,PRV290,13930.8,2026-01-09,J45.909
CLM100056,PAT1273,PRV174,2988.48,2026-03-19,INVALID_CODE
CLM100057,PAT1159,PRV139,13437.96,2026-04-27,Z00.00
CLM100058,PAT1538,PRV249,6645.02,2026-05-18,M25.50
CLM100059,PAT1070,PRV169,2339.57,2026-01-25,I10
CLM100060,PAT1369,PRV223,7334.41,2026-03-08,INVALID_CODE
CLM100061,PAT1200,PRV208,4620.34,2026-05-29,M25.50
CLM100062,PAT1767,PRV237,8151.22,2026-07-17,Z00.00
CLM100063,PAT1885,PRV259,13831.83,2026-05-29,M25.50
CLM100064,PAT1810,PRV256,6165.46,2026-06-27,J45.909
CLM100065,PAT1987,PRV108,5057.15,2026-03-30,I10
CLM100066,PAT1854,PRV102,1897.63,2026-03-02,J45.909
CLM100067,PAT1345,PRV274,6805.55,2026-05-16,J45.909
CLM100068,PAT1865,PRV280,9168.35,2026-02-23,Z00.00
CLM100069,PAT1667,PRV154,8006.6,2026-07-07,Z00.00
CLM100070,PAT1106,PRV236,13284.03,2026-01-02,J45.909
CLM100071,PAT1811,PRV289,6435.08,2026-04-15,Z00.00
CLM100072,PAT1095,PRV121,1830.91,2026-06-18,INVALID_CODE
CLM100073,PAT1060,PRV135,5541.35,2026-03-18,E11.9
CLM100074,PAT1669,PRV222,11076.27,2026-06-20,I10
CLM100075,PAT1337,PRV137,11095.12,2026-06-22,Z00.00
CLM100076,PAT1243,PRV279,8312.06,2026-03-21,M25.50
CLM100077,PAT1396,PRV251,7019.8,2026-06-03,J45.909
CLM100078,PAT1676,PRV183,4042.59,2026-05-19,M25.50
CLM100079,PAT1701,PRV264,13052.9,2026-06-19,J45.909
CLM100080,PAT1366,PRV218,11802.56,2026-04-16,INVALID_CODE
CLM100081,PAT1681,PRV171,8559.83,2026-06-12,M25.50
CLM100082,PAT1380,PRV145,2249.76,2026-02-05,INVALID_CODE
CLM100083,PAT1782,PRV144,3644.07,2026-05-11,Z00.00
CLM100084,PAT1971,PRV123,5486.27,2026-07-04,E11.9
CLM100085,PAT1399,PRV172,8718.87,2026-04-23,J45.909
CLM100086,PAT1745,PRV300,4934.7,2026-02-25,I10
CLM100087,PAT1195,PRV243,13698.58,2026-04-18,E11.9
CLM100088,PAT1606,PRV240,10826.83,2026-05-25,M25.50
CLM100089,PAT1360,PRV230,5401.49,2026-05-10,Z00.00
CLM100090,PAT1605,PRV140,4571.3,2026-03-12,E11.9
CLM100091,PAT1959,PRV148,5163.97,2026-06-16,M25.50
CLM100092,PAT1991,PRV284,13778.72,2026-04-07,INVALID_CODE
CLM100093,PAT1898,PRV132,12518.61,2026-01-08,M25.50
CLM100094,PAT1407,PRV272,4383.32,2026-06-08,INVALID_CODE
CLM100095,PAT1438,PRV141,3056.77,2026-04-14,INVALID_CODE
CLM100096,PAT1022,PRV124,1258.91,2026-01-02,I10
CLM100097,PAT1451,PRV274,1237.32,2026-04-02,I10
CLM100098,PAT1636,PRV272,13939.52,2026-05-30,E11.9
CLM100099,PAT1873,PRV265,12280.26,2026-03-04,M25.50
CLM100100,PAT1779,PRV106,6958.72,2026-03-28,E11.9
CLM100101,PAT1679,PRV102,1403.99,2026-04-25,E11.9
CLM100102,PAT1079,PRV172,2062.18,2026-06-23,INVALID_CODE
CLM100103,PAT1935,PRV239,5311.27,2026-06-07,J45.909
CLM100104,PAT1789,PRV271,13764.93,2026-03-12,INVALID_CODE
CLM100105,PAT1559,PRV300,6037.8,2026-07-17,J45.909
CLM100106,PAT1079,PRV157,13051.02,2026-06-09,INVALID_CODE
CLM100107,PAT1657,PRV188,12318.71,2026-03-07,Z00.00
CLM100108,PAT1742,PRV181,13843.36,2026-01-01,J45.909
CLM100109,PAT1704,PRV258,4697.83,2026-01-10,M25.50
CLM100110,PAT1709,PRV245,3046.5,2026-01-12,INVALID_CODE
CLM100111,PAT1464,PRV247,11910.16,2026-06-25,INVALID_CODE
CLM100112,PAT1441,PRV159,9990.18,2026-01-03,I10
CLM100113,PAT1854,PRV251,10202.03,2026-05-20,INVALID_CODE
CLM100114,PAT1925,PRV109,10086.93,2026-03-24,Z00.00
CLM100115,PAT1575,PRV209,12231.16,2026-03-04,Z00.00
CLM100116,PAT1993,PRV141,912.97,2026-05-01,Z00.00
CLM100117,PAT1008,PRV156,6036.61,2026-05-24,M25.50
CLM100118,PAT1400,PRV263,7295.98,2026-05-05,E11.9
CLM100119,PAT1022,PRV217,7692.92,2026-04-28,INVALID_CODE
CLM100120,PAT1728,PRV154,9443.21,2026-06-27,I10
CLM100121,PAT1342,PRV300,4198.28,2026-07-19,E11.9
CLM100122,PAT1723,PRV233,3183.0,2026-01-13,J45.909
CLM100123,PAT1274,PRV277,10296.38,2026-04-01,Z00.00
CLM100124,PAT1630,PRV132,4637.82,2026-03-07,E11.9
CLM100125,PAT1410,PRV184,5555.01,2026-05-07,INVALID_CODE
CLM100126,PAT1415,PRV125,5294.45,2026-07-15,I10
CLM100127,PAT1483,PRV277,14799.68,2026-01-14,I10
CLM100128,PAT1858,PRV117,14894.33,2026-05-28,E11.9
CLM100129,PAT1218,PRV154,6270.16,2026-06-08,J45.909
CLM100130,PAT1853,PRV167,3916.04,2026-01-05,INVALID_CODE
CLM100131,PAT1506,PRV277,4164.76,2026-06-28,E11.9
CLM100132,PAT1577,PRV290,3880.16,2026-01-13,E11.9
CLM100133,PAT1687,PRV147,2705.39,2026-07-02,INVALID_CODE
CLM100134,PAT1816,PRV217,2090.22,2026-01-18,J45.909
CLM100135,PAT1745,PRV217,543.03,2026-06-27,I10
CLM100136,PAT1052,PRV111,7877.19,2026-05-25,E11.9
CLM100137,PAT1563,PRV189,13458.49,2026-03-23,J45.909
CLM100138,PAT1895,PRV275,12498.04,2026-05-20,M25.50
CLM100139,PAT1318,PRV140,2329.67,2026-02-26,Z00.00
CLM100140,PAT1011,PRV170,11786.77,2026-04-12,I10
CLM100141,PAT1474,PRV227,1329.02,2026-03-23,INVALID_CODE
CLM100142,PAT1250,PRV185,12680.64,2026-03-18,INVALID_CODE
CLM100143,PAT1072,PRV249,7785.65,2026-02-14,Z00.00
CLM100144,PAT1470,PRV223,14756.56,2026-07-14,Z00.00
CLM100145,PAT1640,PRV209,505.13,2026-07-05,I10
CLM100146,PAT1685,PRV267,2947.34,2026-07-01,I10
CLM100147,PAT1225,PRV239,950.85,2026-06-29,INVALID_CODE
CLM100148,PAT1393,PRV208,5661.8,2026-03-27,M25.50
CLM100149,PAT1413,PRV176,8768.7,2026-03-22,I10
CLM100150,PAT1306,PRV223,3023.19,2026-02-16,I10
CLM100151,PAT1221,PRV108,7795.18,2026-05-31,M25.50
CLM100152,PAT1522,PRV228,3316.24,2026-01-20,Z00.00
CLM100153,PAT1723,PRV276,14569.2,2026-02-17,I10
CLM100154,PAT1502,PRV111,11768.29,2026-04-14,Z00.00
CLM100155,PAT1705,PRV236,10585.13,2026-05-07,J45.909
CLM100156,PAT1008,PRV189,7306.0,2026-06-24,E11.9
CLM100157,PAT1090,PRV255,14454.2,2026-07-19,Z00.00
CLM100158,PAT1847,PRV161,1392.16,2026-07-03,J45.909
CLM100159,PAT1817,PRV127,3383.49,2026-05-10,INVALID_CODE
CLM100160,PAT1688,PRV208,606.17,2026-03-16,I10
CLM100161,PAT1792,PRV208,9650.99,2026-03-13,E11.9
CLM100162,PAT1319,PRV135,6751.88,2026-01-12,Z00.00
CLM100163,PAT1490,PRV113,4630.99,2026-05-01,M25.50
CLM100164,PAT1602,PRV186,10047.42,2026-05-02,INVALID_CODE
CLM100165,PAT1261,PRV228,8628.54,2026-03-20,INVALID_CODE
CLM100166,PAT1077,PRV228,5239.56,2026-01-09,E11.9
CLM100167,PAT1507,PRV147,6548.52,2026-02-20,INVALID_CODE
CLM100168,PAT1716,PRV204,14414.91,2026-07-16,M25.50
CLM100169,PAT1542,PRV189,1038.68,2026-04-30,E11.9
CLM100170,PAT1399,PRV170,11892.76,2026-03-04,J45.909
CLM100171,PAT1302,PRV116,1077.95,2026-01-27,I10
CLM100172,PAT1576,PRV220,6154.15,2026-05-25,J45.909
CLM100173,PAT1475,PRV223,1578.26,2026-04-20,J45.909
CLM100174,PAT1417,PRV194,6404.24,2026-04-08,Z00.00
CLM100175,PAT1250,PRV282,4654.67,2026-02-05,J45.909
CLM100176,PAT1375,PRV257,1856.7,2026-06-21,INVALID_CODE
CLM100177,PAT1614,PRV106,3240.47,2026-06-03,Z00.00
CLM100178,PAT1001,PRV287,2676.87,2026-01-08,INVALID_CODE
CLM100179,PAT1805,PRV231,4060.9,2026-05-06,INVALID_CODE
CLM100180,PAT1476,PRV219,11939.04,2026-06-03,M25.50
CLM100181,PAT1634,PRV161,3926.73,2026-03-25,INVALID_CODE
CLM100182,PAT1579,PRV240,8559.48,2026-03-08,I10
CLM100183,PAT1091,PRV277,7833.2,2026-04-04,M25.50
CLM100184,PAT1300,PRV247,4228.4,2026-03-02,M25.50
CLM100185,PAT1705,PRV200,2093.84,2026-06-30,I10
CLM100186,PAT1642,PRV269,11131.3,2026-06-05,E11.9
CLM100187,PAT1646,PRV171,5619.34,2026-05-27,INVALID_CODE
CLM100188,PAT1358,PRV273,2091.03,2026-03-01,J45.909
CLM100189,PAT1939,PRV205,3580.3,2026-04-26,I10
CLM100190,PAT1908,PRV243,1846.08,2026-03-16,INVALID_CODE
CLM100191,PAT1033,PRV237,3702.09,2026-02-26,INVALID_CODE
CLM100192,PAT2000,PRV157,3988.65,2026-01-14,E11.9
CLM100193,PAT1470,PRV213,11256.19,2026-03-08,I10
CLM100194,PAT1506,PRV256,4790.09,2026-03-05,INVALID_CODE
CLM100195,PAT1383,PRV127,8965.69,2026-06-10,INVALID_CODE
CLM100196,PAT1800,PRV199,13558.3,2026-07-13,I10
CLM100197,PAT1937,PRV124,2497.86,2026-04-02,M25.50
CLM100198,PAT1958,PRV138,10972.43,2026-06-30,INVALID_CODE
CLM100199,PAT1636,PRV262,5499.16,2026-02-18,M25.50
CLM100200,PAT1962,PRV243,800.17,2026-02-12,I10
CLM100201,PAT1126,PRV102,13871.88,2026-04-09,E11.9
CLM100202,PAT1749,PRV155,1066.86,2026-03-26,INVALID_CODE
CLM100203,PAT1480,PRV197,8112.38,2026-02-14,M25.50
CLM100204,PAT1905,PRV126,14533.77,2026-07-18,INVALID_CODE
CLM100205,PAT1688,PRV300,14165.7,2026-04-13,J45.909
CLM100206,PAT1043,PRV237,7926.43,2026-02-14,I10
CLM100207,PAT1140,PRV204,14982.54,2026-06-02,I10
CLM100208,PAT1156,PRV280,7536.51,2026-04-14,Z00.00
CLM100209,PAT1482,PRV285,3062.08,2026-02-19,Z00.00
CLM100210,PAT1441,PRV143,11323.08,2026-01-13,J45.909
CLM100211,PAT1551,PRV169,6950.28,2026-05-11,Z00.00
CLM100212,PAT1859,PRV257,6523.37,2026-01-10,E11.9
CLM100213,PAT1360,PRV209,14884.2,2026-03-14,M25.50
CLM100214,PAT1613,PRV146,4385.25,2026-06-30,E11.9
CLM100215,PAT1933,PRV275,14563.82,2026-04-24,J45.909
CLM100216,PAT1207,PRV174,10597.5,2026-07-10,J45.909
CLM100217,PAT1958,PRV124,8713.56,2026-01-11,E11.9
CLM100218,PAT1407,PRV111,13172.75,2026-03-30,Z00.00
CLM100219,PAT1332,PRV252,1940.87,2026-06-14,E11.9
CLM100220,PAT1849,PRV233,7853.64,2026-06-18,E11.9
CLM100221,PAT1831,PRV289,2858.68,2026-01-03,E11.9
CLM100222,PAT1541,PRV224,11375.06,2026-06-08,E11.9
CLM100223,PAT1074,PRV135,6093.08,2026-03-23,E11.9
CLM100224,PAT1862,PRV140,8441.53,2026-03-21,M25.50
CLM100225,PAT1805,PRV119,6809.89,2026-02-15,E11.9
CLM100226,PAT1981,PRV194,4384.83,2026-04-17,J45.909
CLM100227,PAT1428,PRV233,5021.5,2026-03-02,INVALID_CODE
CLM100228,PAT1176,PRV157,5561.0,2026-06-20,J45.909
CLM100229,PAT1662,PRV135,8573.54,2026-05-14,M25.50
CLM100230,PAT1388,PRV264,14382.23,2026-03-19,J45.909
CLM100231,PAT1858,PRV161,521.21,2026-02-09,INVALID_CODE
CLM100232,PAT1033,PRV232,1080.43,2026-01-17,INVALID_CODE
CLM100233,PAT1552,PRV139,9203.31,2026-02-19,E11.9
CLM100234,PAT1910,PRV150,822.92,2026-03-17,INVALID_CODE
CLM100235,PAT1484,PRV203,11923.43,2026-07-18,Z00.00
CLM100236,PAT1617,PRV148,5851.4,2026-05-22,J45.909
CLM100237,PAT1704,PRV174,5628.4,2026-05-31,INVALID_CODE
CLM100238,PAT1623,PRV160,5045.02,2026-02-23,M25.50
CLM100239,PAT1608,PRV191,3427.08,2026-03-17,M25.50
CLM100240,PAT1810,PRV131,12001.35,2026-06-04,J45.909
CLM100241,PAT1454,PRV172,11874.45,2026-01-14,M25.50
CLM100242,PAT1921,PRV113,4426.94,2026-06-05,E11.9
CLM100243,PAT1218,PRV261,10856.83,2026-05-26,Z00.00
CLM100244,PAT1889,PRV188,1253.06,2026-03-24,E11.9
CLM100245,PAT1740,PRV171,6975.96,2026-05-17,I10
CLM100246,PAT1484,PRV102,12186.09,2026-02-21,I10
CLM100247,PAT1836,PRV116,11852.52,2026-03-17,Z00.00
CLM100248,PAT1729,PRV277,350.37,2026-07-15,INVALID_CODE
CLM100249,PAT1013,PRV110,5684.15,2026-07-17,E11.9
CLM100250,PAT1493,PRV113,4585.16,2026-04-22,E11.9
CLM100251,PAT1263,PRV162,6315.81,2026-06-12,J45.909
CLM100252,PAT1508,PRV212,7594.69,2026-02-21,J45.909
CLM100253,PAT1588,PRV145,12261.4,2026-06-30,M25.50
CLM100254,PAT1387,PRV121,9559.94,2026-05-11,Z00.00
CLM100255,PAT1355,PRV300,14200.18,2026-05-13,J45.909
CLM100256,PAT1629,PRV283,4369.69,2026-01-09,E11.9
CLM100257,PAT1683,PRV118,9345.98,2026-04-13,J45.909
CLM100258,PAT1094,PRV202,5147.46,2026-04-22,E11.9
CLM100259,PAT1739,PRV213,9998.69,2026-06-09,I10
CLM100260,PAT1825,PRV206,6519.11,2026-07-10,Z00.00
CLM100261,PAT1049,PRV246,9805.9,2026-06-14,INVALID_CODE
CLM100262,PAT1851,PRV229,3678.65,2026-05-24,M25.50
CLM100263,PAT1849,PRV151,1671.45,2026-04-30,E11.9
CLM100264,PAT1504,PRV206,8627.9,2026-03-19,INVALID_CODE
CLM100265,PAT1193,PRV240,11009.02,2026-02-16,INVALID_CODE
CLM100266,PAT1777,PRV138,2041.55,2026-02-24,E11.9
CLM100267,PAT1964,PRV143,12228.84,2026-02-19,INVALID_CODE
CLM100268,PAT1998,PRV289,7014.85,2026-07-06,M25.50
CLM100269,PAT1763,PRV169,1128.46,2026-07-07,INVALID_CODE
CLM100270,PAT1662,PRV125,14809.67,2026-03-08,E11.9
CLM100271,PAT1059,PRV219,7758.99,2026-04-12,INVALID_CODE
CLM100272,PAT1444,PRV181,8453.26,2026-07-03,J45.909
CLM100273,PAT1977,PRV142,1445.72,2026-06-10,E11.9
CLM100274,PAT1084,PRV114,1882.5,2026-02-05,INVALID_CODE
CLM100275,PAT1226,PRV140,2961.12,2026-06-18,M25.50
CLM100276,PAT1941,PRV114,12892.94,2026-02-15,I10
CLM100277,PAT1333,PRV150,12253.19,2026-05-16,E11.9
CLM100278,PAT1832,PRV285,1478.7,2026-04-05,J45.909
CLM100279,PAT1490,PRV222,10242.29,2026-04-05,Z00.00
CLM100280,PAT1262,PRV169,7635.2,2026-06-29,J45.909
CLM100281,PAT1121,PRV205,13128.13,2026-03-26,M25.50
CLM100282,PAT1500,PRV114,5895.17,2026-05-17,J45.909
CLM100283,PAT1687,PRV136,7085.1,2026-05-18,E11.9
CLM100284,PAT1179,PRV102,14303.97,2026-01-21,E11.9
CLM100285,PAT1416,PRV254,3396.53,2026-04-23,J45.909
CLM100286,PAT1135,PRV103,12610.51,2026-02-06,J45.909
CLM100287,PAT1167,PRV226,4078.13,2026-06-04,Z00.00
CLM100288,PAT1330,PRV139,13130.64,2026-02-01,I10
CLM100289,PAT1075,PRV156,3576.37,2026-03-31,INVALID_CODE
CLM100290,PAT1715,PRV116,9112.01,2026-05-10,Z00.00
CLM100291,PAT1160,PRV248,12295.42,2026-06-14,M25.50
CLM100292,PAT1225,PRV250,1670.23,2026-04-21,J45.909
CLM100293,PAT1568,PRV179,4962.47,2026-04-19,E11.9
CLM100294,PAT1549,PRV164,6175.44,2026-05-12,Z00.00
CLM100295,PAT1448,PRV208,5375.65,2026-01-30,I10
CLM100296,PAT1538,PRV190,7516.26,2026-06-01,I10
CLM100297,PAT1126,PRV120,6494.18,2026-06-10,I10
CLM100298,PAT1410,PRV196,9377.19,2026-02-01,Z00.00
CLM100299,PAT1650,PRV245,10121.22,2026-05-20,INVALID_CODE
CLM100300,PAT1063,PRV109,12348.29,2026-04-14,I10
CLM100301,PAT1745,PRV134,11736.29,2026-07-19,I10
CLM100302,PAT1391,PRV265,11315.74,2026-04-11,Z00.00
CLM100303,PAT1153,PRV124,3168.61,2026-04-30,Z00.00
CLM100304,PAT1377,PRV248,5913.18,2026-04-09,Z00.00
CLM100305,PAT1614,PRV133,14768.06,2026-01-01,Z00.00
CLM100306,PAT1332,PRV116,3308.89,2026-04-28,I10
CLM100307,PAT1107,PRV227,8202.32,2026-07-11,INVALID_CODE
CLM100308,PAT1191,PRV134,6541.78,2026-01-01,M25.50
CLM100309,PAT1614,PRV173,5432.55,2026-05-22,J45.909
CLM100310,PAT1809,PRV287,10436.41,2026-02-04,E11.9
CLM100311,PAT1859,PRV271,8465.66,2026-05-24,I10
CLM100312,PAT1509,PRV283,1662.97,2026-06-11,M25.50
CLM100313,PAT1850,PRV222,5689.09,2026-04-26,J45.909
CLM100314,PAT1029,PRV193,10364.43,2026-04-19,Z00.00
CLM100315,PAT1640,PRV138,10907.93,2026-01-04,M25.50
CLM100316,PAT1921,PRV129,970.85,2026-05-25,Z00.00
CLM100317,PAT1596,PRV164,12280.93,2026-03-21,Z00.00
CLM100318,PAT1335,PRV232,14040.28,2026-07-18,E11.9
CLM100319,PAT1829,PRV278,12697.01,2026-03-19,E11.9
CLM100320,PAT1476,PRV165,14526.44,2026-01-30,Z00.00
CLM100321,PAT1809,PRV114,11361.04,2026-05-29,I10
CLM100322,PAT1939,PRV223,13772.18,2026-06-02,I10
CLM100323,PAT1902,PRV138,10736.62,2026-03-28,J45.909
CLM100324,PAT1145,PRV272,8361.78,2026-04-30,Z00.00
CLM100325,PAT1078,PRV196,2908.38,2026-04-09,I10
CLM100326,PAT1932,PRV105,13490.88,2026-06-02,E11.9
CLM100327,PAT1187,PRV245,13976.81,2026-04-12,I10
CLM100328,PAT1503,PRV212,3564.51,2026-01-05,M25.50
CLM100329,PAT1534,PRV290,11100.19,2026-01-14,Z00.00
CLM100330,PAT1918,PRV284,3219.18,2026-02-22,M25.50
CLM100331,PAT1941,PRV113,2841.36,2026-06-09,J45.909
CLM100332,PAT1496,PRV133,787.58,2026-01-08,M25.50
CLM100333,PAT1222,PRV263,9207.67,2026-04-01,J45.909
CLM100334,PAT1393,PRV159,10102.09,2026-04-29,M25.50
CLM100335,PAT1282,PRV248,5213.15,2026-04-11,I10
CLM100336,PAT1820,PRV115,6025.49,2026-06-05,J45.909
CLM100337,PAT1243,PRV152,2444.22,2026-05-28,I10
CLM100338,PAT1172,PRV216,2008.94,2026-01-02,M25.50
CLM100339,PAT1990,PRV210,14087.87,2026-04-18,INVALID_CODE
CLM100340,PAT1172,PRV197,8293.99,2026-01-07,J45.909
CLM100341,PAT1468,PRV171,7330.57,2026-06-07,E11.9
CLM100342,PAT1418,PRV213,13220.7,2026-07-06,J45.909
CLM100343,PAT1445,PRV159,14987.93,2026-04-11,Z00.00
CLM100344,PAT1042,PRV222,8107.08,2026-07-17,E11.9
CLM100345,PAT1327,PRV175,298.58,2026-06-14,J45.909
CLM100346,PAT1519,PRV265,11493.33,2026-04-14,I10
CLM100347,PAT1366,PRV232,448.48,2026-04-04,I10
CLM100348,PAT1248,PRV229,6651.88,2026-03-17,M25.50
CLM100349,PAT1217,PRV252,12167.33,2026-05-24,J45.909
CLM100350,PAT1315,PRV203,742.31,2026-03-24,J45.909
CLM100351,PAT1552,PRV282,4066.82,2026-05-20,M25.50
CLM100352,PAT1390,PRV182,6220.68,2026-06-10,J45.909
CLM100353,PAT1948,PRV244,8840.7,2026-04-08,I10
CLM100354,PAT1159,PRV296,13032.46,2026-03-03,J45.909
CLM100355,PAT1804,PRV116,2693.24,2026-02-02,E11.9
CLM100356,PAT1233,PRV279,14608.2,2026-03-14,J45.909
CLM100357,PAT1092,PRV212,11723.72,2026-02-20,J45.909
CLM100358,PAT1586,PRV285,11942.11,2026-02-25,I10
CLM100359,PAT1361,PRV200,13112.4,2026-02-11,J45.909
CLM100360,PAT1598,PRV170,14511.9,2026-07-16,Z00.00
CLM100361,PAT1565,PRV160,2405.28,2026-01-29,INVALID_CODE
CLM100362,PAT1549,PRV196,8199.58,2026-06-25,E11.9
CLM100363,PAT1329,PRV187,9112.59,2026-03-08,J45.909
CLM100364,PAT1763,PRV127,6681.14,2026-06-19,M25.50
CLM100365,PAT1210,PRV188,3534.87,2026-05-18,E11.9
CLM100366,PAT1896,PRV292,2808.24,2026-02-27,INVALID_CODE
CLM100367,PAT1933,PRV244,1899.52,2026-01-03,E11.9
CLM100368,PAT1947,PRV224,2229.95,2026-05-09,E11.9
CLM100369,PAT1512,PRV276,10347.35,2026-03-25,Z00.00
CLM100370,PAT1819,PRV154,3745.67,2026-06-23,INVALID_CODE
CLM100371,PAT1545,PRV221,9794.43,2026-05-16,M25.50
CLM100372,PAT1348,PRV228,8119.22,2026-04-30,INVALID_CODE
CLM100373,PAT1482,PRV188,12562.14,2026-01-25,M25.50
CLM100374,PAT1050,PRV284,6960.9,2026-03-27,M25.50
CLM100375,PAT1336,PRV136,10831.86,2026-04-11,E11.9
CLM100376,PAT1445,PRV205,8789.06,2026-01-09,INVALID_CODE
CLM100377,PAT1364,PRV183,10911.67,2026-03-11,J45.909
CLM100378,PAT1832,PRV121,8148.37,2026-02-23,M25.50
CLM100379,PAT1716,PRV169,10125.81,2026-01-05,Z00.00
CLM100380,PAT1233,PRV146,14307.08,2026-02-25,Z00.00
CLM100381,PAT1941,PRV211,1057.48,2026-04-25,INVALID_CODE
CLM100382,PAT1917,PRV243,10233.69,2026-03-31,M25.50
CLM100383,PAT1533,PRV267,11869.62,2026-03-17,E11.9
CLM100384,PAT1983,PRV117,1436.86,2026-05-20,E11.9
CLM100385,PAT1719,PRV229,7825.54,2026-01-29,E11.9
CLM100386,PAT1989,PRV242,5795.92,2026-06-18,INVALID_CODE
CLM100387,PAT1964,PRV281,6791.15,2026-05-26,Z00.00
CLM100388,PAT1423,PRV164,3418.17,2026-07-20,INVALID_CODE
CLM100389,PAT1345,PRV295,6423.23,2026-05-16,M25.50
CLM100390,PAT1858,PRV227,3725.4,2026-01-06,Z00.00
CLM100391,PAT1491,PRV116,4964.84,2026-02-22,INVALID_CODE
CLM100392,PAT1113,PRV223,7790.1,2026-06-25,J45.909
CLM100393,PAT1557,PRV118,4947.56,2026-06-05,INVALID_CODE
CLM100394,PAT1668,PRV166,6119.04,2026-04-07,M25.50
CLM100395,PAT1726,PRV236,8345.34,2026-03-08,J45.909
CLM100396,PAT1472,PRV257,11364.46,2026-03-31,J45.909
CLM100397,PAT1627,PRV127,1207.09,2026-07-20,I10
CLM100398,PAT1661,PRV185,11035.4,2026-02-06,E11.9
CLM100399,PAT1229,PRV226,7664.44,2026-02-28,INVALID_CODE
CLM100400,PAT1777,PRV233,6519.39,2026-05-12,J45.909
CLM100401,PAT1553,PRV288,9389.12,2026-02-23,INVALID_CODE
CLM100402,PAT1484,PRV217,14675.38,2026-04-03,M25.50
CLM100403,PAT1948,PRV139,2393.03,2026-06-09,I10
CLM100404,PAT1157,PRV285,13689.74,2026-03-01,I10
CLM100405,PAT1374,PRV151,1125.93,2026-03-28,J45.909
CLM100406,PAT1608,PRV213,2426.07,2026-07-08,INVALID_CODE
CLM100407,PAT1726,PRV287,4719.73,2026-03-28,E11.9
CLM100408,PAT1591,PRV219,7861.82,2026-05-12,E11.9
CLM100409,PAT1548,PRV160,8639.42,2026-02-21,J45.909
CLM100410,PAT1125,PRV216,6285.11,2026-01-09,E11.9
CLM100411,PAT1524,PRV290,7085.06,2026-06-12,E11.9
CLM100412,PAT1307,PRV218,10017.2,2026-01-24,Z00.00
CLM100413,PAT1070,PRV279,1350.17,2026-06-17,J45.909
CLM100414,PAT1286,PRV115,11523.95,2026-05-20,Z00.00
CLM100415,PAT1395,PRV173,4900.76,2026-03-12,E11.9
CLM100416,PAT1415,PRV166,2348.39,2026-04-07,J45.909
CLM100417,PAT1328,PRV245,2084.25,2026-04-21,Z00.00
CLM100418,PAT1257,PRV238,2737.35,2026-03-31,M25.50
CLM100419,PAT1086,PRV222,3045.67,2026-06-07,Z00.00
CLM100420,PAT1824,PRV276,1219.95,2026-03-28,J45.909
CLM100421,PAT1672,PRV179,2756.83,2026-05-16,INVALID_CODE
CLM100422,PAT1157,PRV104,10926.47,2026-03-02,E11.9
CLM100423,PAT1997,PRV112,7293.1,2026-07-10,E11.9
CLM100424,PAT1645,PRV241,1139.98,2026-05-18,M25.50
CLM100425,PAT1582,PRV145,14198.22,2026-02-16,I10
CLM100426,PAT1804,PRV158,1948.87,2026-01-03,M25.50
CLM100427,PAT1190,PRV223,7365.34,2026-03-28,Z00.00
CLM100428,PAT1782,PRV236,11443.04,2026-07-11,J45.909
CLM100429,PAT1013,PRV184,13804.77,2026-06-05,I10
CLM100430,PAT1992,PRV185,9707.58,2026-07-14,I10
CLM100431,PAT1149,PRV197,13886.85,2026-01-19,J45.909
CLM100432,PAT1633,PRV124,7761.27,2026-05-07,M25.50
CLM100433,PAT1835,PRV296,4335.68,2026-03-10,I10
CLM100434,PAT1815,PRV283,1576.59,2026-05-19,J45.909
CLM100435,PAT1908,PRV207,1413.85,2026-07-15,Z00.00
CLM100436,PAT1753,PRV282,4144.55,2026-06-11,I10
CLM100437,PAT1325,PRV183,8353.29,2026-05-29,J45.909
CLM100438,PAT1238,PRV295,8973.18,2026-04-30,M25.50
CLM100439,PAT1678,PRV254,14599.24,2026-03-03,Z00.00
CLM100440,PAT1704,PRV133,14028.72,2026-04-25,M25.50
CLM100441,PAT1203,PRV152,4264.59,2026-05-18,J45.909
CLM100442,PAT1227,PRV257,6576.72,2026-01-09,J45.909
CLM100443,PAT1183,PRV132,7028.7,2026-07-18,I10
CLM100444,PAT1818,PRV143,1802.52,2026-02-16,I10
CLM100445,PAT1157,PRV187,12563.37,2026-02-28,M25.50
CLM100446,PAT1076,PRV289,1620.1,2026-01-18,I10
CLM100447,PAT1454,PRV290,2541.06,2026-04-20,I10
CLM100448,PAT1234,PRV300,12734.0,2026-04-28,M25.50
CLM100449,PAT1678,PRV286,4159.25,2026-03-15,Z00.00
CLM100450,PAT1828,PRV242,6638.41,2026-04-13,I10
CLM100451,PAT1647,PRV233,6781.18,2026-04-26,J45.909
CLM100452,PAT1015,PRV172,12810.45,2026-01-12,J45.909
CLM100453,PAT1308,PRV277,14530.57,2026-07-10,E11.9
CLM100454,PAT1862,PRV206,10024.81,2026-02-02,I10
CLM100455,PAT1919,PRV270,1762.19,2026-04-18,E11.9
CLM100456,PAT1878,PRV219,7168.39,2026-03-18,I10
CLM100457,PAT1403,PRV119,10137.64,2026-02-25,J45.909
CLM100458,PAT1653,PRV223,13918.75,2026-04-05,J45.909
CLM100459,PAT1536,PRV266,11016.39,2026-06-19,M25.50
CLM100460,PAT1834,PRV238,14255.86,2026-01-28,M25.50
CLM100461,PAT1136,PRV298,11467.52,2026-07-04,J45.909
CLM100462,PAT1083,PRV280,6531.27,2026-05-23,E11.9
CLM100463,PAT1284,PRV126,12079.64,2026-03-23,Z00.00
CLM100464,PAT1978,PRV262,3302.11,2026-05-11,E11.9
CLM100465,PAT1061,PRV261,4316.98,2026-01-03,M25.50
CLM100466,PAT1378,PRV209,4647.8,2026-05-14,I10
CLM100467,PAT1442,PRV207,2821.88,2026-02-02,J45.909
CLM100468,PAT1497,PRV102,8307.69,2026-02-14,M25.50
CLM100469,PAT1251,PRV241,13232.46,2026-07-09,J45.909
CLM100470,PAT1509,PRV164,5759.35,2026-02-06,INVALID_CODE
CLM100471,PAT1534,PRV118,10506.62,2026-03-23,Z00.00
CLM100472,PAT1728,PRV286,10774.88,2026-07-06,J45.909
CLM100473,PAT1005,PRV188,13994.2,2026-05-29,J45.909
CLM100474,PAT1577,PRV228,2878.45,2026-01-17,INVALID_CODE
CLM100475,PAT1716,PRV180,11530.05,2026-05-23,INVALID_CODE
CLM100476,PAT1999,PRV142,9087.98,2026-01-04,INVALID_CODE
CLM100477,PAT1896,PRV111,14711.53,2026-02-28,I10
CLM100478,PAT1754,PRV256,5078.52,2026-02-07,INVALID_CODE
CLM100479,PAT1535,PRV176,10503.85,2026-03-04,I10
CLM100480,PAT1068,PRV228,12535.14,2026-05-17,INVALID_CODE
CLM100481,PAT1752,PRV126,10691.26,2026-03-01,INVALID_CODE
CLM100482,PAT1192,PRV179,11864.64,2026-01-05,Z00.00
CLM100483,PAT1762,PRV280,405.12,2026-06-25,INVALID_CODE
CLM100484,PAT2000,PRV170,4381.97,2026-03-13,INVALID_CODE
CLM100485,PAT1067,PRV180,4744.79,2026-03-27,E11.9
CLM100486,PAT1964,PRV274,8281.65,2026-05-10,INVALID_CODE
CLM100487,PAT1931,PRV209,8276.86,2026-07-04,M25.50
CLM100488,PAT1578,PRV282,1251.19,2026-05-25,J45.909
CLM100489,PAT1616,PRV183,4998.41,2026-05-15,Z00.00
CLM100490,PAT1688,PRV262,12034.51,2026-03-30,INVALID_CODE
CLM100491,PAT1600,PRV254,5109.47,2026-03-09,Z00.00
CLM100492,PAT1280,PRV101,6025.67,2026-07-10,I10
CLM100493,PAT1645,PRV226,5607.49,2026-05-09,INVALID_CODE
CLM100494,PAT1055,PRV111,14635.95,2026-01-26,E11.9
CLM100495,PAT1050,PRV105,10554.1,2026-02-26,M25.50
CLM100496,PAT1571,PRV183,13593.66,2026-06-16,J45.909
CLM100497,PAT1794,PRV137,1937.78,2026-05-13,J45.909
CLM100498,PAT1497,PRV215,9992.15,2026-07-14,M25.50
CLM100499,PAT1633,PRV139,13004.22,2026-07-18,J45.909
CLM100500,,PRV106,11526.01,2026-04-19,INVALID_CODE
CLM100501,PAT1134,PRV202,13884.4,2026-05-24,INVALID_CODE
CLM100502,PAT1077,PRV233,7806.7,2026-03-05,E11.9
CLM100503,PAT1923,PRV176,7790.28,2026-06-10,Z00.00
CLM100504,PAT1579,PRV290,10937.48,2026-03-28,M25.50
CLM100505,PAT1525,PRV213,13626.28,2026-02-25,M25.50
CLM100506,PAT1016,PRV193,14600.95,2026-06-15,I10
CLM100507,PAT1373,PRV249,8528.52,2026-03-18,Z00.00
CLM100508,PAT1380,PRV255,4439.93,2026-02-14,E11.9
CLM100509,PAT1320,PRV248,13940.36,2026-02-21,J45.909
CLM100510,PAT1964,PRV276,10300.67,2026-05-08,J45.909
CLM100511,PAT1826,PRV207,12790.75,2026-05-19,I10
CLM100512,PAT1400,PRV215,2401.39,2026-04-19,M25.50
CLM100513,PAT1440,PRV163,12000.73,2026-03-19,INVALID_CODE
CLM100514,PAT1311,PRV300,8196.33,2026-06-16,INVALID_CODE
CLM100515,PAT1579,PRV296,9586.63,2026-07-05,M25.50
CLM100516,PAT1213,PRV176,6556.8,2026-04-27,I10
CLM100517,PAT1845,PRV195,352.1,2026-04-23,Z00.00
CLM100518,PAT1854,PRV297,12821.52,2026-04-03,E11.9
CLM100519,PAT1209,PRV247,7222.15,2026-01-11,INVALID_CODE
CLM100520,PAT1943,PRV165,13153.53,2026-06-02,J45.909
CLM100521,PAT1761,PRV181,5619.88,2026-02-27,E11.9
CLM100522,PAT1572,PRV262,8897.65,2026-03-03,M25.50
CLM100523,PAT1042,PRV257,853.67,2026-01-07,E11.9
CLM100524,PAT1887,PRV153,11078.67,2026-01-09,Z00.00
CLM100525,PAT1579,PRV166,7994.41,2026-03-27,Z00.00
CLM100526,PAT1895,PRV237,6607.73,2026-06-04,E11.9
CLM100527,PAT1709,PRV208,3720.04,2026-06-04,Z00.00
CLM100528,PAT1416,PRV243,13877.23,2026-02-18,M25.50
CLM100529,PAT1317,PRV109,4199.4,2026-05-23,M25.50
CLM100530,PAT1885,PRV285,4655.37,2026-04-25,M25.50
CLM100531,PAT1351,PRV248,3918.77,2026-01-17,Z00.00
CLM100532,PAT1327,PRV160,2484.45,2026-06-01,M25.50
CLM100533,PAT1691,PRV241,3441.17,2026-02-11,M25.50
CLM100534,PAT1221,PRV268,3336.8,2026-04-08,E11.9
CLM100535,PAT1545,PRV224,11731.84,2026-01-20,J45.909
CLM100536,PAT1604,PRV230,13774.43,2026-04-04,Z00.00
CLM100537,PAT1831,PRV263,12737.69,2026-02-16,E11.9
CLM100538,PAT1600,PRV101,5985.81,2026-06-16,I10
CLM100539,PAT1672,PRV172,12931.4,2026-03-24,E11.9
CLM100540,PAT1020,PRV213,10876.11,2026-02-23,Z00.00
CLM100541,PAT1351,PRV134,2496.3,2026-04-29,J45.909
CLM100542,PAT1894,PRV204,12717.34,2026-07-03,E11.9
CLM100543,PAT1075,PRV231,3144.38,2026-03-13,INVALID_CODE
CLM100544,PAT1118,PRV242,8106.21,2026-04-18,J45.909
CLM100545,PAT1878,PRV200,9293.54,2026-02-18,E11.9
CLM100546,PAT1052,PRV211,7612.44,2026-06-05,M25.50
CLM100547,PAT1737,PRV266,1385.91,2026-06-28,M25.50
CLM100548,PAT1603,PRV122,10839.98,2026-07-12,I10
CLM100549,PAT1991,PRV109,8126.58,2026-05-27,I10
CLM100550,PAT1283,PRV264,10058.81,2026-06-30,M25.50
CLM100551,PAT1257,PRV229,640.57,2026-03-22,I10
CLM100552,PAT1485,PRV185,5839.35,2026-04-07,I10
CLM100553,PAT1045,PRV145,1000.0,2026-01-18,M25.50
CLM100554,PAT1038,PRV150,9048.12,2026-03-12,I10
CLM100555,PAT1809,PRV121,1822.56,2026-01-16,M25.50
CLM100556,PAT1096,PRV241,11744.99,2026-04-20,Z00.00
CLM100557,PAT1249,PRV182,1230.82,2026-02-08,INVALID_CODE
CLM100558,PAT1106,PRV233,6944.96,2026-02-04,J45.909
CLM100559,PAT1940,PRV190,9994.95,2026-01-28,I10
CLM100560,PAT1029,PRV154,10864.91,2026-06-16,INVALID_CODE
CLM100561,PAT1611,PRV113,172.54,2026-05-06,M25.50
CLM100562,PAT1632,PRV284,654.79,2026-03-19,J45.909
CLM100563,PAT1480,PRV275,1320.22,2026-01-11,M25.50
CLM100564,PAT1827,PRV177,3349.24,2026-04-28,I10
CLM100565,PAT1343,PRV198,2875.83,2026-06-12,E11.9
CLM100566,PAT1869,PRV100,7246.9,2026-02-04,Z00.00
CLM100567,PAT1235,PRV169,10442.12,2026-01-11,Z00.00
CLM100568,PAT1745,PRV169,4260.3,2026-01-18,E11.9
CLM100569,PAT1609,PRV140,10111.86,2026-05-14,Z00.00
CLM100570,PAT1591,PRV279,7626.72,2026-02-07,E11.9
CLM100571,PAT1354,PRV235,5217.51,2026-02-21,INVALID_CODE
CLM100572,PAT1151,PRV271,11507.14,2026-06-24,Z00.00
CLM100573,PAT1565,PRV121,3697.83,2026-01-28,INVALID_CODE
CLM100574,PAT1650,PRV224,2494.02,2026-02-25,E11.9
CLM100575,PAT1686,PRV124,2274.41,2026-06-20,I10
CLM100576,PAT1744,PRV280,13838.23,2026-05-25,INVALID_CODE
CLM100577,PAT1754,PRV295,8421.12,2026-04-06,I10
CLM100578,PAT1135,PRV280,3108.26,2026-06-15,J45.909
CLM100579,PAT1988,PRV244,1998.66,2026-06-27,INVALID_CODE
CLM100580,PAT1593,PRV265,8549.37,2026-05-22,INVALID_CODE
CLM100581,PAT1191,PRV209,9965.23,2026-03-18,J45.909
CLM100582,PAT1691,PRV190,8319.96,2026-05-15,Z00.00
CLM100583,PAT1606,PRV288,5232.5,2026-05-22,INVALID_CODE
CLM100584,PAT1261,PRV290,336.24,2026-03-13,INVALID_CODE
CLM100585,PAT1861,PRV225,5275.5,2026-03-25,I10
CLM100586,PAT1297,PRV186,12595.77,2026-02-07,INVALID_CODE
CLM100587,PAT1237,PRV206,13906.27,2026-03-29,I10
CLM100588,PAT1316,PRV109,10804.74,2026-05-20,INVALID_CODE
CLM100589,PAT1095,PRV236,2081.5,2026-07-10,Z00.00
CLM100590,PAT1593,PRV207,3550.63,2026-07-10,E11.9
CLM100591,PAT1791,PRV175,8354.84,2026-01-15,J45.909
CLM100592,PAT1647,PRV271,1914.64,2026-07-13,M25.50
CLM100593,PAT1074,PRV220,4583.97,2026-01-17,E11.9
CLM100594,PAT1460,PRV240,7919.11,2026-02-08,INVALID_CODE
CLM100595,PAT1617,PRV237,7206.71,2026-07-09,I10
CLM100596,PAT1011,PRV170,7402.72,2026-01-09,E11.9
CLM100597,PAT1298,PRV113,4152.16,2026-02-28,J45.909
CLM100598,PAT1729,PRV113,9855.2,2026-06-06,M25.50
CLM100599,PAT1835,PRV189,11767.87,2026-03-16,M25.50
CLM100600,PAT1984,PRV138,14020.36,2026-01-01,M25.50
CLM100601,PAT1598,PRV155,3525.06,2026-04-28,Z00.00
CLM100602,PAT1173,PRV143,7843.46,2026-02-05,J45.909
CLM100603,PAT1841,PRV141,11826.17,2026-01-05,Z00.00
CLM100604,PAT1710,PRV201,8711.04,2026-04-07,INVALID_CODE
CLM100605,PAT1212,PRV234,398.56,2026-06-27,I10
CLM100606,PAT1546,PRV158,14105.95,2026-04-09,E11.9
CLM100607,PAT1234,PRV158,11286.06,2026-06-14,INVALID_CODE
CLM100608,PAT1236,PRV182,2865.95,2026-06-11,INVALID_CODE
CLM100609,PAT1330,PRV183,13600.48,2026-03-05,I10
CLM100610,PAT1516,PRV276,5380.84,2026-05-09,E11.9
CLM100611,PAT1336,PRV275,2814.42,2026-04-07,Z00.00
CLM100612,PAT1369,PRV281,3560.14,2026-07-06,M25.50
CLM100613,PAT1262,PRV209,174.27,2026-05-26,Z00.00
CLM100614,PAT1911,PRV230,13206.16,2026-02-16,E11.9
CLM100615,PAT1185,PRV218,4119.39,2026-04-07,E11.9
CLM100616,PAT1352,PRV231,7995.69,2026-01-18,I10
CLM100617,PAT1700,PRV190,8161.15,2026-01-09,J45.909
CLM100618,PAT1510,PRV241,9149.66,2026-02-05,Z00.00
CLM100619,PAT1691,PRV116,13607.45,2026-03-24,INVALID_CODE
CLM100620,PAT1090,PRV266,10819.81,2026-04-29,Z00.00
CLM100621,PAT1095,PRV104,1964.2,2026-02-10,J45.909
CLM100622,PAT1720,PRV203,3807.32,2026-01-21,Z00.00
CLM100623,PAT1822,PRV254,7266.26,2026-05-22,INVALID_CODE
CLM100624,PAT1341,PRV252,5552.92,2026-04-20,Z00.00
CLM100625,PAT1464,PRV223,4229.88,2026-03-17,I10
CLM100626,PAT1144,PRV108,5149.52,2026-03-20,I10
CLM100627,PAT1774,PRV101,6493.38,2026-06-28,INVALID_CODE
CLM100628,PAT1372,PRV272,8970.27,2026-06-03,E11.9
CLM100629,PAT1915,PRV248,6050.91,2026-07-06,J45.909
CLM100630,PAT1923,PRV295,13464.35,2026-06-20,M25.50
CLM100631,PAT1270,PRV273,11180.96,2026-04-19,INVALID_CODE
CLM100632,PAT1405,PRV128,12565.24,2026-04-26,Z00.00
CLM100633,PAT1717,PRV120,1723.24,2026-01-15,I10
CLM100634,PAT1245,PRV101,7205.83,2026-06-09,E11.9
CLM100635,PAT1838,PRV222,1510.5,2026-05-21,M25.50
CLM100636,PAT1690,PRV164,4253.31,2026-04-18,M25.50
CLM100637,PAT1878,PRV276,11063.43,2026-03-28,I10
CLM100638,PAT1535,PRV257,12883.61,2026-02-07,M25.50
CLM100639,PAT1988,PRV291,8522.97,2026-06-11,Z00.00
CLM100640,PAT1261,PRV240,4470.04,2026-02-15,INVALID_CODE
CLM100641,PAT1030,PRV285,10114.0,2026-06-10,I10
CLM100642,PAT1669,PRV184,2210.53,2026-02-09,M25.50
CLM100643,PAT1006,PRV124,4323.06,2026-04-06,I10
CLM100644,PAT1244,PRV143,13377.56,2026-02-09,Z00.00
CLM100645,PAT1060,PRV129,5106.43,2026-02-10,J45.909
CLM100646,PAT1405,PRV141,12461.78,2026-06-07,Z00.00
CLM100647,PAT1254,PRV278,4889.92,2026-05-02,J45.909
CLM100648,PAT1800,PRV267,2611.15,2026-04-13,INVALID_CODE
CLM100649,PAT1631,PRV225,12247.97,2026-02-14,E11.9
CLM100650,PAT1396,PRV102,13579.62,2026-04-23,E11.9
CLM100651,PAT1887,PRV211,14317.29,2026-06-29,J45.909
CLM100652,PAT1399,PRV269,1995.25,2026-02-20,M25.50
CLM100653,PAT1034,PRV191,5432.88,2026-02-21,I10
CLM100654,PAT1801,PRV148,7699.06,2026-03-09,I10
CLM100655,PAT1440,PRV233,1714.3,2026-05-09,J45.909
CLM100656,PAT1890,PRV239,5885.34,2026-05-22,Z00.00
CLM100657,PAT1356,PRV181,14326.26,2026-03-30,M25.50
CLM100658,PAT1654,PRV122,13988.43,2026-05-01,INVALID_CODE
CLM100659,PAT1160,PRV186,14114.5,2026-01-19,J45.909
CLM100660,PAT1241,PRV280,5679.43,2026-05-17,M25.50
CLM100661,PAT1361,PRV165,1703.46,2026-06-17,E11.9
CLM100662,PAT1767,PRV105,11563.64,2026-05-15,Z00.00
CLM100663,PAT1402,PRV137,5501.22,2026-02-11,INVALID_CODE
CLM100664,PAT1120,PRV219,9799.79,2026-01-05,INVALID_CODE
CLM100665,PAT1006,PRV147,5802.36,2026-01-10,J45.909
CLM100666,PAT1021,PRV169,10245.7,2026-01-08,E11.9
CLM100667,PAT1741,PRV293,3184.61,2026-06-03,I10
CLM100668,PAT1706,PRV125,2046.77,2026-04-07,Z00.00
CLM100669,PAT1648,PRV214,2970.87,2026-05-26,J45.909
CLM100670,PAT1998,PRV105,11196.71,2026-04-12,Z00.00
CLM100671,PAT1527,PRV261,2268.91,2026-04-04,J45.909
CLM100672,PAT1444,PRV180,3558.24,2026-03-09,Z00.00
CLM100673,PAT1762,PRV275,10305.14,2026-07-18,E11.9
CLM100674,PAT1573,PRV257,1053.16,2026-02-28,Z00.00
CLM100675,PAT1182,PRV172,809.34,2026-04-03,J45.909
CLM100676,PAT1153,PRV123,9346.62,2026-05-08,INVALID_CODE
CLM100677,PAT1959,PRV252,3706.35,2026-01-09,M25.50
CLM100678,PAT1220,PRV143,720.25,2026-05-06,E11.9
CLM100679,PAT1395,PRV247,9163.66,2026-01-11,I10
CLM100680,PAT1360,PRV173,10577.32,2026-01-26,Z00.00
CLM100681,PAT1555,PRV191,10903.22,2026-06-27,M25.50
CLM100682,PAT1556,PRV199,14417.01,2026-02-12,Z00.00
CLM100683,PAT1776,PRV292,6076.2,2026-05-18,E11.9
CLM100684,PAT1688,PRV293,13020.77,2026-06-10,I10
CLM100685,PAT1861,PRV280,7544.28,2026-02-19,INVALID_CODE
CLM100686,PAT1502,PRV262,9570.07,2026-06-13,J45.909
CLM100687,PAT1750,PRV128,8247.47,2026-03-30,I10
CLM100688,PAT1369,PRV289,11746.44,2026-05-17,J45.909
CLM100689,PAT1911,PRV139,1157.41,2026-07-20,Z00.00
CLM100690,PAT1794,PRV182,5637.02,2026-03-02,I10
CLM100691,PAT1322,PRV246,13703.55,2026-07-15,INVALID_CODE
CLM100692,PAT1042,PRV180,14466.87,2026-07-05,Z00.00
CLM100693,PAT1985,PRV104,8913.34,2026-06-16,INVALID_CODE
CLM100694,PAT1326,PRV284,3875.29,2026-01-14,Z00.00
CLM100695,PAT1652,PRV215,14876.82,2026-03-27,INVALID_CODE
CLM100696,PAT1472,PRV132,11148.8,2026-02-22,I10
CLM100697,PAT1781,PRV213,10154.63,2026-06-08,Z00.00
CLM100698,PAT1291,PRV250,3705.57,2026-01-14,INVALID_CODE
CLM100699,PAT1942,PRV120,11092.07,2026-06-12,INVALID_CODE
CLM100700,PAT1603,PRV130,4378.55,2026-04-11,M25.50
CLM100701,PAT1970,PRV123,8837.19,2026-02-12,I10
CLM100702,PAT1121,PRV106,9120.24,2026-02-16,J45.909
CLM100703,PAT1056,PRV256,2348.67,2026-06-12,I10
CLM100704,PAT1873,PRV251,9517.86,2026-01-16,E11.9
CLM100705,PAT1769,PRV271,11088.73,2026-07-20,M25.50
CLM100706,PAT1095,PRV249,5422.81,2026-07-02,J45.909
CLM100707,PAT1295,PRV118,3045.04,2026-02-05,J45.909
CLM100708,PAT1654,PRV278,9288.01,2026-02-13,I10
CLM100709,PAT1340,PRV247,3417.31,2026-02-07,J45.909
CLM100710,PAT1988,PRV108,9553.21,2026-05-28,I10
CLM100711,PAT1921,PRV126,13209.67,2026-03-18,J45.909
CLM100712,PAT1559,PRV153,12491.34,2026-05-11,E11.9
CLM100713,PAT1494,PRV270,13408.97,2026-06-21,I10
CLM100714,PAT1973,PRV227,11770.93,2026-07-02,J45.909
CLM100715,PAT1331,PRV201,1069.77,2026-05-27,E11.9
CLM100716,PAT1021,PRV291,7592.36,2026-01-29,I10
CLM100717,PAT1785,PRV219,12384.62,2026-03-12,Z00.00
CLM100718,PAT1706,PRV190,3671.55,2026-02-22,J45.909
CLM100719,PAT1370,PRV278,13528.39,2026-03-10,Z00.00
CLM100720,PAT1315,PRV190,12218.08,2026-04-26,INVALID_CODE
CLM100721,PAT1504,PRV267,12889.24,2026-04-20,E11.9
CLM100722,PAT1234,PRV138,4307.47,2026-03-05,Z00.00
CLM100723,PAT1647,PRV105,8229.92,2026-02-25,INVALID_CODE
CLM100724,PAT1417,PRV127,5891.31,2026-07-03,INVALID_CODE
CLM100725,PAT1420,PRV150,6453.36,2026-02-01,I10
CLM100726,PAT1020,PRV279,6406.42,2026-02-24,J45.909
CLM100727,PAT1294,PRV216,13084.91,2026-02-07,I10
CLM100728,PAT1442,PRV241,10421.8,2026-06-30,M25.50
CLM100729,PAT1734,PRV276,11709.59,2026-01-17,E11.9
CLM100730,PAT1842,PRV258,11276.33,2026-06-07,Z00.00
CLM100731,PAT1610,PRV207,10548.32,2026-03-17,M25.50
CLM100732,PAT1720,PRV287,8595.2,2026-07-04,INVALID_CODE
CLM100733,PAT1684,PRV163,12947.34,2026-03-26,M25.50
CLM100734,PAT1408,PRV142,2621.98,2026-04-05,I10
CLM100735,PAT1754,PRV235,2840.63,2026-07-07,I10
CLM100736,PAT1665,PRV220,11273.22,2026-03-12,INVALID_CODE
CLM100737,PAT1073,PRV161,12539.18,2026-04-13,J45.909
CLM100738,PAT1713,PRV219,6119.77,2026-01-01,I10
CLM100739,PAT1504,PRV126,10602.25,2026-07-19,INVALID_CODE
CLM100740,PAT1728,PRV275,11637.01,2026-02-05,I10
CLM100741,PAT1738,PRV280,10652.26,2026-06-11,Z00.00
CLM100742,PAT1558,PRV210,6922.65,2026-04-19,Z00.00
CLM100743,PAT1640,PRV274,3802.75,2026-07-20,M25.50
CLM100744,PAT1817,PRV286,13448.71,2026-03-05,I10
CLM100745,PAT1447,PRV234,2718.96,2026-05-10,J45.909
CLM100746,PAT1745,PRV270,11292.85,2026-05-23,M25.50
CLM100747,PAT1019,PRV120,6897.06,2026-02-23,INVALID_CODE
CLM100748,PAT1420,PRV295,10686.75,2026-01-17,M25.50
CLM100749,PAT1523,PRV284,7587.61,2026-04-27,J45.909
CLM100750,PAT1092,PRV276,223.53,2026-05-21,INVALID_CODE
CLM100751,PAT1987,PRV248,7259.16,2026-03-26,E11.9
CLM100752,PAT1953,PRV228,14533.4,2026-06-01,I10
CLM100753,PAT1944,PRV211,14600.41,2026-04-03,I10
CLM100754,PAT1936,PRV129,10753.27,2026-02-14,I10
CLM100755,PAT1361,PRV111,2978.51,2026-05-16,INVALID_CODE
CLM100756,PAT1089,PRV256,3629.04,2026-06-24,INVALID_CODE
CLM100757,PAT1142,PRV143,3076.33,2026-07-16,I10
CLM100758,PAT1791,PRV139,2185.92,2026-06-12,Z00.00
CLM100759,PAT1718,PRV251,12131.18,2026-01-08,J45.909
CLM100760,PAT1959,PRV135,4322.72,2026-04-08,INVALID_CODE
CLM100761,PAT1788,PRV194,14072.22,2026-04-26,Z00.00
CLM100762,PAT1709,PRV250,14519.35,2026-04-23,INVALID_CODE
CLM100763,PAT1154,PRV129,14981.15,2026-04-07,E11.9
CLM100764,PAT1851,PRV161,9663.56,2026-04-01,E11.9
CLM100765,PAT1439,PRV209,11960.91,2026-06-29,Z00.00
CLM100766,PAT1145,PRV147,10966.92,2026-02-06,INVALID_CODE
CLM100767,PAT1100,PRV188,3988.98,2026-01-03,I10
CLM100768,PAT1300,PRV220,2212.78,2026-04-19,I10
CLM100769,PAT1825,PRV258,11416.27,2026-04-25,INVALID_CODE
CLM100770,PAT1983,PRV256,11026.06,2026-01-18,M25.50
CLM100771,PAT1295,PRV213,7701.48,2026-04-26,Z00.00
CLM100772,PAT1990,PRV219,11219.49,2026-01-22,INVALID_CODE
CLM100773,PAT1435,PRV262,11161.81,2026-06-17,INVALID_CODE
CLM100774,PAT1966,PRV170,13742.51,2026-05-12,E11.9
CLM100775,PAT1565,PRV134,13128.62,2026-01-07,I10
CLM100776,PAT1631,PRV120,965.69,2026-07-12,M25.50
CLM100777,PAT1976,PRV257,1698.65,2026-06-20,J45.909
CLM100778,PAT1005,PRV111,3746.78,2026-02-19,M25.50
CLM100779,PAT1321,PRV262,13993.85,2026-05-02,I10
CLM100780,PAT1609,PRV280,3276.67,2026-06-03,I10
CLM100781,PAT1705,PRV235,14602.41,2026-05-17,Z00.00
CLM100782,PAT1519,PRV154,13016.05,2026-01-29,Z00.00
CLM100783,PAT1298,PRV155,3038.15,2026-03-19,J45.909
CLM100784,PAT1351,PRV221,13862.88,2026-03-16,E11.9
CLM100785,PAT1242,PRV286,2122.02,2026-01-27,J45.909
CLM100786,PAT1727,PRV268,8415.55,2026-05-30,E11.9
CLM100787,PAT1827,PRV180,13139.54,2026-04-28,Z00.00
CLM100788,PAT1776,PRV201,518.21,2026-02-26,Z00.00
CLM100789,PAT1467,PRV228,232.85,2026-06-04,Z00.00
CLM100790,PAT1640,PRV266,1496.21,2026-02-14,Z00.00
CLM100791,PAT1900,PRV133,5321.73,2026-06-02,Z00.00
CLM100792,PAT1498,PRV268,13027.73,2026-01-13,E11.9
CLM100793,PAT1367,PRV269,3340.84,2026-05-02,J45.909
CLM100794,PAT1078,PRV300,2749.84,2026-01-05,I10
CLM100795,PAT1416,PRV140,14188.38,2026-01-03,J45.909
CLM100796,PAT1149,PRV162,9653.31,2026-06-11,J45.909
CLM100797,PAT1536,PRV134,9768.0,2026-03-08,Z00.00
CLM100798,PAT1034,PRV184,13042.22,2026-06-17,INVALID_CODE
CLM100799,PAT1349,PRV197,11299.5,2026-01-08,INVALID_CODE
CLM100800,PAT1493,PRV215,10542.4,2026-05-05,M25.50
CLM100801,PAT1056,PRV175,7518.83,2026-05-28,INVALID_CODE
CLM100802,PAT1672,PRV153,11811.05,2026-05-11,E11.9
CLM100803,PAT1645,PRV124,8876.04,2026-06-06,I10
CLM100804,PAT1211,PRV214,8288.54,2026-03-11,M25.50
CLM100805,PAT1418,PRV161,3548.48,2026-01-19,E11.9
CLM100806,PAT1044,PRV182,8125.39,2026-05-17,M25.50
CLM100807,PAT1904,PRV284,9781.52,2026-01-01,E11.9
CLM100808,PAT1363,PRV288,14517.56,2026-01-03,E11.9
CLM100809,PAT1047,PRV199,688.66,2026-06-09,J45.909
CLM100810,PAT1767,PRV248,4314.25,2026-02-26,INVALID_CODE
CLM100811,PAT1613,PRV259,5855.86,2026-06-07,INVALID_CODE
CLM100812,PAT1332,PRV244,12556.85,2026-06-24,E11.9
CLM100813,PAT1231,PRV262,5893.01,2026-06-15,M25.50
CLM100814,PAT1468,PRV193,14172.46,2026-06-23,J45.909
CLM100815,PAT1843,PRV224,3404.57,2026-01-06,INVALID_CODE
CLM100816,PAT1619,PRV241,2518.09,2026-07-12,J45.909
CLM100817,PAT1277,PRV128,8080.98,2026-03-17,Z00.00
CLM100818,PAT1885,PRV195,8185.16,2026-03-17,INVALID_CODE
CLM100819,PAT1379,PRV131,10041.52,2026-06-10,E11.9
CLM100820,PAT1666,PRV130,9506.75,2026-04-24,M25.50
CLM100821,PAT1443,PRV245,5951.97,2026-04-07,J45.909
CLM100822,PAT1012,PRV217,4020.77,2026-06-08,INVALID_CODE
CLM100823,PAT1711,PRV142,10163.33,2026-02-05,J45.909
CLM100824,PAT1619,PRV225,6233.39,2026-01-20,Z00.00
CLM100825,PAT1569,PRV254,5700.01,2026-05-04,Z00.00
CLM100826,PAT1670,PRV300,8777.79,2026-04-14,INVALID_CODE
CLM100827,PAT1185,PRV296,14354.01,2026-05-06,I10
CLM100828,PAT1490,PRV295,11507.86,2026-03-20,Z00.00
CLM100829,PAT1927,PRV172,1379.33,2026-04-17,E11.9
CLM100830,PAT1069,PRV174,11224.94,2026-01-05,E11.9
CLM100831,PAT1120,PRV255,13480.71,2026-02-15,J45.909
CLM100832,PAT1492,PRV255,8133.16,2026-01-28,Z00.00
CLM100833,PAT1100,PRV197,8703.89,2026-01-28,M25.50
CLM100834,PAT1758,PRV285,5937.89,2026-04-06,I10
CLM100835,PAT1098,PRV230,2762.7,2026-01-13,E11.9
CLM100836,PAT1520,PRV297,11877.48,2026-03-20,Z00.00
CLM100837,PAT1063,PRV184,13244.54,2026-03-21,M25.50
CLM100838,PAT1864,PRV281,3628.93,2026-02-03,J45.909
CLM100839,PAT1926,PRV263,5853.92,2026-05-27,E11.9
CLM100840,PAT1487,PRV206,5689.78,2026-06-27,I10
CLM100841,PAT1315,PRV238,9894.32,2026-07-15,Z00.00
CLM100842,PAT1473,PRV121,8310.72,2026-06-05,I10
CLM100843,PAT1254,PRV127,6760.02,2026-03-12,M25.50
CLM100844,PAT1398,PRV102,6969.16,2026-03-15,I10
CLM100845,PAT1586,PRV257,11359.24,2026-02-24,E11.9
CLM100846,PAT1071,PRV231,5755.8,2026-03-20,E11.9
CLM100847,PAT1236,PRV187,5636.86,2026-04-21,INVALID_CODE
CLM100848,PAT1634,PRV251,13078.42,2026-02-18,J45.909
CLM100849,PAT1202,PRV202,9786.42,2026-01-12,I10
CLM100850,PAT1988,PRV254,1369.96,2026-01-13,INVALID_CODE
CLM100851,PAT1751,PRV102,13546.1,2026-03-17,M25.50
CLM100852,PAT1504,PRV180,6353.64,2026-01-11,E11.9
CLM100853,PAT1524,PRV237,11373.61,2026-04-04,INVALID_CODE
CLM100854,PAT1764,PRV173,810.14,2026-02-21,I10
CLM100855,PAT1705,PRV236,12150.81,2026-01-03,INVALID_CODE
CLM100856,PAT1502,PRV208,5002.59,2026-03-30,I10
CLM100857,PAT1032,PRV209,9515.91,2026-05-12,J45.909
CLM100858,PAT1386,PRV121,8252.9,2026-07-10,J45.909
CLM100859,PAT1995,PRV181,9655.34,2026-03-18,I10
CLM100860,PAT1083,PRV246,1140.44,2026-03-23,Z00.00
CLM100861,PAT1714,PRV172,3027.86,2026-07-03,I10
CLM100862,PAT1344,PRV136,7148.8,2026-03-13,INVALID_CODE
CLM100863,PAT1497,PRV116,14609.47,2026-07-03,M25.50
CLM100864,PAT1733,PRV258,10104.44,2026-01-25,I10
CLM100865,PAT1715,PRV234,8503.71,2026-02-21,Z00.00
CLM100866,PAT1001,PRV179,6075.48,2026-01-19,E11.9
CLM100867,PAT1319,PRV175,3682.1,2026-01-16,I10
CLM100868,PAT1930,PRV203,6521.24,2026-03-04,M25.50
CLM100869,PAT1312,PRV298,12602.48,2026-05-25,I10
CLM100870,PAT1043,PRV182,1991.84,2026-04-09,M25.50
CLM100871,PAT1000,PRV132,10439.62,2026-06-09,E11.9
CLM100872,PAT1282,PRV249,2322.13,2026-04-24,J45.909
CLM100873,PAT1680,PRV233,2605.9,2026-02-07,E11.9
CLM100874,PAT1992,PRV183,12587.9,2026-03-26,M25.50
CLM100875,PAT1861,PRV296,1352.28,2026-04-24,M25.50
CLM100876,PAT1749,PRV237,11882.45,2026-06-28,E11.9
CLM100877,PAT1939,PRV106,4092.23,2026-01-09,E11.9
CLM100878,PAT1783,PRV280,6238.91,2026-07-13,Z00.00
CLM100879,PAT1461,PRV245,3453.6,2026-04-27,M25.50
CLM100880,PAT1114,PRV171,2629.81,2026-03-14,J45.909
CLM100881,PAT1077,PRV231,2189.37,2026-04-02,E11.9
CLM100882,PAT1356,PRV114,12199.61,2026-03-30,E11.9
CLM100883,PAT1516,PRV134,6420.91,2026-01-09,J45.909
CLM100884,PAT1080,PRV191,14364.64,2026-01-10,E11.9
CLM100885,PAT1010,PRV126,9714.83,2026-06-07,M25.50
CLM100886,PAT1297,PRV277,12158.3,2026-04-24,Z00.00
CLM100887,PAT1501,PRV222,440.08,2026-03-06,INVALID_CODE
CLM100888,PAT1327,PRV283,13227.04,2026-03-05,E11.9
CLM100889,PAT1003,PRV135,10744.02,2026-04-06,E11.9
CLM100890,PAT1788,PRV198,11140.64,2026-03-17,INVALID_CODE
CLM100891,PAT1901,PRV145,770.19,2026-04-20,I10
CLM100892,PAT1600,PRV257,1639.86,2026-03-01,E11.9
CLM100893,PAT1852,PRV231,6419.64,2026-02-26,Z00.00
CLM100894,PAT1347,PRV162,1496.8,2026-07-17,INVALID_CODE
CLM100895,PAT1487,PRV273,4003.81,2026-05-04,J45.909
CLM100896,PAT1550,PRV170,11180.24,2026-05-20,Z00.00
CLM100897,PAT1622,PRV151,6197.32,2026-06-21,J45.909
CLM100898,PAT1315,PRV249,11271.36,2026-07-01,E11.9
CLM100899,PAT1708,PRV185,10332.19,2026-06-10,I10
CLM100900,PAT1741,PRV117,6402.8,2026-03-06,Z00.00
CLM100901,PAT1407,PRV165,8351.01,2026-06-21,INVALID_CODE
CLM100902,PAT1715,PRV131,953.79,2026-04-25,E11.9
CLM100903,PAT1215,PRV117,11140.6,2026-06-27,J45.909
CLM100904,PAT1879,PRV162,10861.06,2026-01-10,INVALID_CODE
CLM100905,PAT1738,PRV203,8798.02,2026-06-15,E11.9
CLM100906,PAT1250,PRV233,1190.61,2026-03-24,E11.9
CLM100907,PAT1574,PRV144,678.62,2026-05-14,J45.909
CLM100908,PAT1319,PRV125,12176.57,2026-06-30,J45.909
CLM100909,PAT1312,PRV174,6316.32,2026-03-05,J45.909
CLM100910,PAT1763,PRV140,6076.75,2026-05-26,J45.909
CLM100911,PAT1925,PRV185,1333.56,2026-03-05,INVALID_CODE
CLM100912,PAT1177,PRV111,8415.4,2026-04-22,Z00.00
CLM100913,PAT1572,PRV239,9317.79,2026-05-24,M25.50
CLM100914,PAT1440,PRV168,11511.16,2026-06-14,M25.50
CLM100915,PAT1650,PRV211,13486.19,2026-02-01,Z00.00
CLM100916,PAT1443,PRV231,1992.72,2026-04-16,INVALID_CODE
CLM100917,PAT1517,PRV255,11241.67,2026-01-18,INVALID_CODE
CLM100918,PAT1855,PRV245,7115.08,2026-03-24,J45.909
CLM100919,PAT1791,PRV143,9643.71,2026-01-03,INVALID_CODE
CLM100920,PAT1578,PRV286,5263.82,2026-04-09,Z00.00
CLM100921,PAT1199,PRV122,12518.56,2026-05-16,M25.50
CLM100922,PAT1194,PRV126,6441.94,2026-06-13,E11.9
CLM100923,PAT1697,PRV274,6977.76,2026-04-19,INVALID_CODE
CLM100924,PAT1242,PRV284,11168.88,2026-07-04,E11.9
CLM100925,PAT1181,PRV253,13339.32,2026-06-11,I10
CLM100926,PAT1042,PRV122,5231.39,2026-05-29,M25.50
CLM100927,PAT1538,PRV151,6752.19,2026-03-18,M25.50
CLM100928,PAT1500,PRV254,9219.18,2026-03-02,INVALID_CODE
CLM100929,PAT1604,PRV239,2020.22,2026-07-07,E11.9
CLM100930,PAT1973,PRV178,10534.34,2026-02-27,E11.9
CLM100931,PAT1638,PRV259,9414.84,2026-02-14,E11.9
CLM100932,PAT1204,PRV143,7010.56,2026-02-28,INVALID_CODE
CLM100933,PAT1031,PRV269,13520.03,2026-06-28,M25.50
CLM100934,PAT1048,PRV136,8861.72,2026-07-07,INVALID_CODE
CLM100935,PAT1559,PRV287,6329.17,2026-04-01,Z00.00
CLM100936,PAT1434,PRV200,363.61,2026-02-03,I10
CLM100937,PAT1148,PRV197,6301.61,2026-01-12,Z00.00
CLM100938,PAT1937,PRV200,13568.58,2026-01-01,J45.909
CLM100939,PAT1445,PRV186,10027.2,2026-03-20,J45.909
CLM100940,PAT1429,PRV230,320.97,2026-05-31,INVALID_CODE
CLM100941,PAT1001,PRV202,12792.91,2026-07-13,E11.9
CLM100942,PAT1336,PRV216,9650.34,2026-04-13,J45.909
CLM100943,PAT1129,PRV112,2829.25,2026-04-26,M25.50
CLM100944,PAT1476,PRV286,5064.09,2026-05-06,I10
CLM100945,PAT1053,PRV232,5273.99,2026-07-02,M25.50
CLM100946,PAT1419,PRV134,7955.89,2026-02-19,INVALID_CODE
CLM100947,PAT1143,PRV295,1372.12,2026-05-10,INVALID_CODE
CLM100948,PAT1539,PRV284,1769.27,2026-07-19,M25.50
CLM100949,PAT1599,PRV241,11071.3,2026-04-09,Z00.00
CLM100950,PAT1540,PRV247,12626.86,2026-02-26,E11.9
CLM100951,PAT1870,PRV219,8176.63,2026-01-30,Z00.00
CLM100952,PAT1146,PRV171,6964.63,2026-03-07,E11.9
CLM100953,PAT1605,PRV205,10186.77,2026-03-06,I10
CLM100954,PAT1148,PRV105,4683.18,2026-04-20,J45.909
CLM100955,PAT1985,PRV169,12628.92,2026-05-20,E11.9
CLM100956,PAT1349,PRV145,6982.58,2026-06-23,J45.909
CLM100957,PAT1550,PRV217,11746.62,2026-03-19,M25.50
CLM100958,PAT1655,PRV132,1011.73,2026-02-05,Z00.00
CLM100959,PAT1575,PRV243,6218.08,2026-07-18,I10
CLM100960,PAT1296,PRV197,3077.84,2026-01-28,I10
CLM100961,PAT1562,PRV102,4162.37,2026-06-14,INVALID_CODE
CLM100962,PAT1472,PRV222,11836.08,2026-05-07,INVALID_CODE
CLM100963,PAT1535,PRV122,12827.61,2026-04-04,I10
CLM100964,PAT1781,PRV296,10994.28,2026-03-18,M25.50
CLM100965,PAT1407,PRV114,12898.98,2026-02-02,I10
CLM100966,PAT1570,PRV184,1994.62,2026-04-16,INVALID_CODE
CLM100967,PAT1182,PRV168,12864.37,2026-06-13,I10
CLM100968,PAT1751,PRV183,4888.09,2026-03-22,M25.50
CLM100969,PAT1705,PRV256,13436.18,2026-03-21,J45.909
CLM100970,PAT1360,PRV269,6654.42,2026-01-14,INVALID_CODE
CLM100971,PAT1495,PRV215,8646.43,2026-02-02,Z00.00
CLM100972,PAT1149,PRV131,5904.46,2026-05-10,INVALID_CODE
CLM100973,PAT1809,PRV242,10529.95,2026-03-23,E11.9
CLM100974,PAT1000,PRV277,10035.91,2026-02-04,E11.9
CLM100975,PAT1814,PRV194,9838.58,2026-01-22,J45.909
CLM100976,PAT1205,PRV170,3614.95,2026-07-14,I10
CLM100977,PAT1727,PRV194,9868.5,2026-02-09,I10
CLM100978,PAT1232,PRV238,4614.76,2026-06-07,J45.909
CLM100979,PAT1440,PRV166,11865.8,2026-01-19,Z00.00
CLM100980,PAT1096,PRV157,5216.96,2026-01-14,Z00.00
CLM100981,PAT1442,PRV127,3503.85,2026-01-01,J45.909
CLM100982,PAT1429,PRV284,2965.34,2026-06-12,J45.909
CLM100983,PAT1702,PRV105,3476.2,2026-07-14,I10
CLM100984,PAT1545,PRV146,2113.78,2026-04-01,M25.50
CLM100985,PAT1739,PRV129,14087.05,2026-05-05,J45.909
CLM100986,PAT1654,PRV203,11461.23,2026-03-07,E11.9
CLM100987,PAT1007,PRV275,11785.74,2026-01-13,E11.9
CLM100988,PAT1105,PRV144,4013.57,2026-02-02,J45.909
CLM100989,PAT1788,PRV252,8382.89,2026-02-20,Z00.00
CLM100990,PAT1833,PRV170,3226.64,2026-06-12,J45.909
CLM100991,PAT1073,PRV156,6488.57,2026-07-13,E11.9
CLM100992,PAT1571,PRV271,1633.79,2026-04-26,INVALID_CODE
CLM100993,PAT1147,PRV114,12659.09,2026-05-29,E11.9
CLM100994,PAT1249,PRV221,4293.08,2026-01-05,Z00.00
CLM100995,PAT1808,PRV162,5287.33,2026-04-13,J45.909
CLM100996,PAT1135,PRV112,999.74,2026-01-20,I10
CLM100997,PAT1146,PRV134,10419.36,2026-01-01,INVALID_CODE
CLM100998,PAT1733,PRV118,150.68,2026-05-13,J45.909
CLM100999,PAT1541,PRV262,6014.19,2026-03-12,Z00.00
CLM101000,PAT1505,PRV173,BAD_AMT,2026-07-04,M25.50
CLM101001,PAT1796,PRV127,14141.24,2026-05-23,INVALID_CODE
CLM101002,PAT1953,PRV165,12235.69,2026-06-20,J45.909
CLM101003,PAT1209,PRV149,14868.79,2026-03-31,Z00.00
CLM101004,PAT1175,PRV193,2601.95,2026-01-05,Z00.00
CLM101005,PAT1727,PRV256,13167.75,2026-07-17,J45.909
CLM101006,PAT1888,PRV240,6536.86,2026-02-11,INVALID_CODE
CLM101007,PAT1520,PRV218,7123.56,2026-01-15,J45.909
CLM101008,PAT1285,PRV240,5216.75,2026-02-01,INVALID_CODE
CLM101009,PAT1203,PRV142,3052.77,2026-04-04,Z00.00
CLM101010,PAT1711,PRV222,11827.42,2026-03-31,M25.50
CLM101011,PAT1493,PRV201,527.63,2026-06-20,J45.909
CLM101012,PAT1792,PRV258,10545.18,2026-06-01,M25.50
CLM101013,PAT1741,PRV111,8167.49,2026-01-06,Z00.00
CLM101014,PAT1305,PRV251,11125.44,2026-03-03,INVALID_CODE
CLM101015,PAT1082,PRV150,3405.82,2026-04-13,Z00.00
CLM101016,PAT1611,PRV155,5519.8,2026-03-21,Z00.00
CLM101017,PAT1711,PRV121,14283.94,2026-05-15,E11.9
CLM101018,PAT1014,PRV277,3029.95,2026-03-22,I10
CLM101019,PAT1268,PRV168,14929.54,2026-02-12,J45.909
CLM101020,PAT1194,PRV250,14330.83,2026-05-16,Z00.00
CLM101021,PAT1040,PRV103,6926.03,2026-04-14,M25.50
CLM101022,PAT1446,PRV201,9149.24,2026-07-16,E11.9
CLM101023,PAT1867,PRV101,5956.27,2026-01-16,Z00.00
CLM101024,PAT1055,PRV203,10842.2,2026-06-12,Z00.00
CLM101025,PAT1243,PRV211,10557.46,2026-06-14,E11.9
CLM101026,PAT1856,PRV273,2170.25,2026-03-31,INVALID_CODE
CLM101027,PAT1990,PRV140,13699.95,2026-07-08,M25.50
CLM101028,PAT1770,PRV250,11570.38,2026-07-10,E11.9
CLM101029,PAT1333,PRV267,3850.5,2026-02-23,E11.9
CLM101030,PAT1095,PRV232,8890.54,2026-06-05,Z00.00
CLM101031,PAT1716,PRV171,6880.36,2026-07-03,E11.9
CLM101032,PAT1765,PRV201,4845.95,2026-07-12,J45.909
CLM101033,PAT1119,PRV147,1355.26,2026-02-28,E11.9
CLM101034,PAT1302,PRV152,2445.65,2026-04-24,INVALID_CODE
CLM101035,PAT1277,PRV141,6693.51,2026-05-12,E11.9
CLM101036,PAT1534,PRV166,8263.95,2026-03-09,E11.9
CLM101037,PAT1885,PRV154,3390.74,2026-03-04,Z00.00
CLM101038,PAT1322,PRV225,13361.21,2026-05-23,M25.50
CLM101039,PAT1246,PRV134,628.75,2026-04-30,INVALID_CODE
CLM101040,PAT1407,PRV248,13626.53,2026-04-01,J45.909
CLM101041,PAT1453,PRV269,9343.98,2026-01-08,E11.9
CLM101042,PAT1982,PRV295,12928.27,2026-04-03,INVALID_CODE
CLM101043,PAT1521,PRV172,8826.24,2026-05-20,INVALID_CODE
CLM101044,PAT1030,PRV226,9593.28,2026-04-11,E11.9
CLM101045,PAT1821,PRV132,2904.51,2026-06-26,I10
CLM101046,PAT1448,PRV300,10959.6,2026-05-04,M25.50
CLM101047,PAT1922,PRV109,14697.66,2026-04-06,E11.9
CLM101048,PAT1019,PRV240,3813.88,2026-03-19,J45.909
CLM101049,PAT1128,PRV107,2257.81,2026-02-10,Z00.00
CLM101050,PAT1334,PRV259,14839.02,2026-06-24,INVALID_CODE
CLM101051,PAT1365,PRV257,7389.26,2026-07-06,E11.9
CLM101052,PAT1498,PRV263,4317.06,2026-04-21,J45.909
CLM101053,PAT1702,PRV112,4330.49,2026-05-10,M25.50
CLM101054,PAT1517,PRV277,9910.77,2026-06-03,J45.909
CLM101055,PAT1633,PRV190,3298.56,2026-04-03,INVALID_CODE
CLM101056,PAT1089,PRV139,13229.79,2026-01-04,INVALID_CODE
CLM101057,PAT1271,PRV103,8763.39,2026-07-11,INVALID_CODE
CLM101058,PAT1327,PRV185,3248.81,2026-03-14,INVALID_CODE
CLM101059,PAT1671,PRV203,439.6,2026-05-11,E11.9
CLM101060,PAT1975,PRV300,6914.01,2026-03-10,J45.909
CLM101061,PAT1256,PRV124,10541.72,2026-02-24,M25.50
CLM101062,PAT1189,PRV297,7263.88,2026-01-29,M25.50
CLM101063,PAT1955,PRV122,12102.02,2026-07-16,INVALID_CODE
CLM101064,PAT1367,PRV257,5633.72,2026-06-26,J45.909
CLM101065,PAT1239,PRV128,12362.17,2026-07-17,M25.50
CLM101066,PAT1020,PRV129,4735.07,2026-03-25,I10
CLM101067,PAT1723,PRV145,4167.91,2026-03-06,J45.909
CLM101068,PAT1385,PRV244,5783.52,2026-05-03,M25.50
CLM101069,PAT1418,PRV138,8975.46,2026-01-07,E11.9
CLM101070,PAT1459,PRV129,3690.05,2026-03-16,INVALID_CODE
CLM101071,PAT1492,PRV195,1986.16,2026-03-12,Z00.00
CLM101072,PAT1222,PRV201,6728.15,2026-05-20,J45.909
CLM101073,PAT1359,PRV239,9585.14,2026-04-22,INVALID_CODE
CLM101074,PAT1381,PRV185,12673.4,2026-06-05,Z00.00
CLM101075,PAT1720,PRV202,2853.8,2026-07-07,M25.50
CLM101076,PAT1446,PRV260,388.98,2026-04-18,INVALID_CODE
CLM101077,PAT1920,PRV235,9736.68,2026-03-18,Z00.00
CLM101078,PAT1895,PRV237,12278.56,2026-04-15,INVALID_CODE
CLM101079,PAT1681,PRV165,10022.28,2026-06-26,M25.50
CLM101080,PAT1623,PRV210,10252.28,2026-07-09,INVALID_CODE
CLM101081,PAT1044,PRV278,7948.63,2026-02-25,M25.50
CLM101082,PAT1805,PRV219,11945.59,2026-03-24,Z00.00
CLM101083,PAT1109,PRV284,8661.07,2026-05-06,I10
CLM101084,PAT1536,PRV272,14624.43,2026-02-25,Z00.00
CLM101085,PAT1598,PRV194,1534.53,2026-01-28,I10
CLM101086,PAT1514,PRV229,1346.06,2026-06-02,M25.50
CLM101087,PAT1852,PRV283,7833.31,2026-04-28,M25.50
CLM101088,PAT1665,PRV113,4560.57,2026-03-27,I10
CLM101089,PAT1663,PRV152,7380.05,2026-03-04,I10
CLM101090,PAT1362,PRV270,12003.64,2026-06-07,Z00.00
CLM101091,PAT1125,PRV175,3291.33,2026-01-15,Z00.00
CLM101092,PAT1387,PRV300,1376.18,2026-01-03,M25.50
CLM101093,PAT1533,PRV284,6874.31,2026-06-05,M25.50
CLM101094,PAT1916,PRV246,14786.29,2026-05-15,INVALID_CODE
CLM101095,PAT1219,PRV114,7223.7,2026-01-17,M25.50
CLM101096,PAT1687,PRV195,6739.85,2026-02-04,M25.50
CLM101097,PAT1583,PRV206,13362.86,2026-01-01,I10
CLM101098,PAT1316,PRV169,11006.68,2026-02-03,I10
CLM101099,PAT1087,PRV137,287.33,2026-05-26,INVALID_CODE
CLM101100,PAT1819,PRV248,13364.32,2026-05-16,J45.909
CLM101101,PAT1683,PRV163,14699.12,2026-03-24,J45.909
CLM101102,PAT1840,PRV243,13295.46,2026-04-08,INVALID_CODE
CLM101103,PAT1608,PRV237,13912.83,2026-02-26,M25.50
CLM101104,PAT1774,PRV238,9299.79,2026-05-05,J45.909
CLM101105,PAT1914,PRV125,8380.93,2026-05-25,Z00.00
CLM101106,PAT1629,PRV184,14656.86,2026-06-23,J45.909
CLM101107,PAT1156,PRV267,14232.91,2026-07-20,INVALID_CODE
CLM101108,PAT1867,PRV145,505.11,2026-06-05,INVALID_CODE
CLM101109,PAT1582,PRV162,4015.44,2026-06-03,M25.50
CLM101110,PAT1448,PRV276,6438.21,2026-03-13,I10
CLM101111,PAT1115,PRV272,6815.22,2026-05-28,Z00.00
CLM101112,PAT1037,PRV141,10230.36,2026-03-30,M25.50
CLM101113,PAT1059,PRV151,8225.1,2026-05-22,J45.909
CLM101114,PAT1970,PRV225,14950.89,2026-06-08,M25.50
CLM101115,PAT1097,PRV215,11350.27,2026-03-03,I10
CLM101116,PAT1016,PRV284,8940.86,2026-03-18,Z00.00
CLM101117,PAT1553,PRV114,10590.28,2026-06-06,Z00.00
CLM101118,PAT1657,PRV130,2068.66,2026-05-19,M25.50
CLM101119,PAT1242,PRV141,3544.59,2026-03-02,M25.50
CLM101120,PAT1180,PRV207,14669.25,2026-06-07,INVALID_CODE
CLM101121,PAT1220,PRV208,5006.47,2026-02-09,J45.909
CLM101122,PAT1162,PRV182,10177.57,2026-03-11,Z00.00
CLM101123,PAT1389,PRV231,5921.23,2026-05-13,Z00.00
CLM101124,PAT1319,PRV205,5544.48,2026-07-17,J45.909
CLM101125,PAT1175,PRV146,1431.8,2026-05-22,J45.909
CLM101126,PAT1850,PRV142,13739.19,2026-07-10,I10
CLM101127,PAT1549,PRV281,12233.09,2026-07-10,J45.909
CLM101128,PAT1483,PRV208,9675.28,2026-01-08,E11.9
CLM101129,PAT1881,PRV262,2029.77,2026-05-12,I10
CLM101130,PAT1831,PRV209,8511.28,2026-02-06,J45.909
CLM101131,PAT1699,PRV213,12601.82,2026-04-10,J45.909
CLM101132,PAT1186,PRV107,5951.4,2026-03-01,M25.50
CLM101133,PAT1441,PRV283,7104.83,2026-05-23,E11.9
CLM101134,PAT1592,PRV107,8478.01,2026-04-21,INVALID_CODE
CLM101135,PAT1397,PRV241,1103.74,2026-01-01,M25.50
CLM101136,PAT1097,PRV150,1804.54,2026-05-27,E11.9
CLM101137,PAT1933,PRV149,9667.53,2026-06-12,M25.50
CLM101138,PAT1407,PRV186,8251.94,2026-04-21,Z00.00
CLM101139,PAT1368,PRV101,14600.66,2026-02-14,M25.50
CLM101140,PAT1498,PRV277,2450.51,2026-05-15,Z00.00
CLM101141,PAT1669,PRV124,5052.79,2026-01-04,J45.909
CLM101142,PAT1755,PRV258,10373.0,2026-02-14,INVALID_CODE
CLM101143,PAT1656,PRV276,7905.95,2026-03-03,Z00.00
CLM101144,PAT1867,PRV107,7065.13,2026-05-26,I10
CLM101145,PAT1105,PRV150,12377.64,2026-06-05,J45.909
CLM101146,PAT1381,PRV243,10932.92,2026-01-20,E11.9
CLM101147,PAT1860,PRV192,9067.25,2026-07-07,Z00.00
CLM101148,PAT1350,PRV114,10726.73,2026-06-18,INVALID_CODE
CLM101149,PAT1457,PRV260,1373.24,2026-02-24,Z00.00
CLM101150,PAT1331,PRV184,6192.58,2026-07-10,Z00.00
CLM101151,PAT1467,PRV212,1962.39,2026-01-01,Z00.00
CLM101152,PAT1107,PRV254,11317.28,2026-06-20,J45.909
CLM101153,PAT1628,PRV256,2598.97,2026-01-10,J45.909
CLM101154,PAT1956,PRV191,4559.89,2026-01-10,I10
CLM101155,PAT1250,PRV256,8731.21,2026-05-30,Z00.00
CLM101156,PAT1429,PRV106,4732.72,2026-03-01,M25.50
CLM101157,PAT1796,PRV245,7299.85,2026-03-24,J45.909
CLM101158,PAT1800,PRV234,3204.3,2026-02-17,J45.909
CLM101159,PAT1579,PRV168,9418.3,2026-06-23,INVALID_CODE
CLM101160,PAT1795,PRV143,13009.46,2026-01-06,I10
CLM101161,PAT1363,PRV271,1784.74,2026-01-18,J45.909
CLM101162,PAT1188,PRV233,14017.1,2026-03-15,J45.909
CLM101163,PAT1784,PRV286,12149.99,2026-06-07,I10
CLM101164,PAT1629,PRV199,13159.79,2026-03-23,E11.9
CLM101165,PAT1993,PRV108,12146.68,2026-04-19,Z00.00
CLM101166,PAT1582,PRV155,7640.99,2026-02-01,M25.50
CLM101167,PAT1866,PRV231,14773.25,2026-05-28,J45.909
CLM101168,PAT1025,PRV169,8954.64,2026-03-31,E11.9
CLM101169,PAT1550,PRV170,10691.62,2026-03-18,M25.50
CLM101170,PAT1885,PRV100,2954.75,2026-06-22,I10
CLM101171,PAT1480,PRV138,13880.68,2026-05-05,I10
CLM101172,PAT1673,PRV100,3071.36,2026-01-06,J45.909
CLM101173,PAT1519,PRV262,6539.35,2026-02-21,I10
CLM101174,PAT1428,PRV117,10762.04,2026-02-15,I10
CLM101175,PAT1961,PRV115,3385.56,2026-03-27,J45.909
CLM101176,PAT1362,PRV291,1911.9,2026-03-07,J45.909
CLM101177,PAT1530,PRV270,691.02,2026-05-20,M25.50
CLM101178,PAT1766,PRV171,2309.07,2026-06-10,INVALID_CODE
CLM101179,PAT1260,PRV134,3550.3,2026-03-13,M25.50
CLM101180,PAT1695,PRV260,1549.85,2026-05-24,Z00.00
CLM101181,PAT1267,PRV294,3628.84,2026-06-16,E11.9
CLM101182,PAT1105,PRV116,13120.89,2026-03-20,Z00.00
CLM101183,PAT1413,PRV111,13329.32,2026-04-22,INVALID_CODE
CLM101184,PAT1179,PRV204,9856.21,2026-03-20,I10
CLM101185,PAT1796,PRV197,7400.21,2026-04-14,E11.9
CLM101186,PAT1427,PRV271,11045.94,2026-07-18,I10
CLM101187,PAT1262,PRV225,11096.95,2026-01-04,Z00.00
CLM101188,PAT1328,PRV187,7717.25,2026-07-01,INVALID_CODE
CLM101189,PAT1222,PRV287,2434.1,2026-01-03,J45.909
CLM101190,PAT1034,PRV277,6641.28,2026-02-09,M25.50
CLM101191,PAT1550,PRV146,3909.96,2026-04-24,I10
CLM101192,PAT1200,PRV109,2532.57,2026-01-27,E11.9
CLM101193,PAT1313,PRV134,9165.33,2026-04-20,E11.9
CLM101194,PAT1652,PRV123,2604.5,2026-05-19,INVALID_CODE
CLM101195,PAT1696,PRV249,9836.1,2026-02-07,Z00.00
CLM101196,PAT1261,PRV223,5352.68,2026-06-10,INVALID_CODE
CLM101197,PAT1504,PRV165,13618.13,2026-03-23,J45.909
CLM101198,PAT1334,PRV291,12723.9,2026-04-29,I10
CLM101199,PAT1382,PRV129,886.88,2026-01-14,INVALID_CODE
CLM101200,PAT1355,PRV138,11321.72,2026-02-08,M25.50
CLM101201,PAT1210,PRV223,12338.22,2026-05-27,J45.909
CLM101202,PAT1390,PRV109,6094.51,2026-05-04,J45.909
CLM101203,PAT1721,PRV290,14413.17,2026-03-01,I10
CLM101204,PAT1881,PRV237,6931.6,2026-01-11,I10
CLM101205,PAT1424,PRV247,6980.09,2026-04-20,J45.909
CLM101206,PAT1409,PRV280,1767.79,2026-04-09,INVALID_CODE
CLM101207,PAT1145,PRV206,14133.77,2026-03-28,INVALID_CODE
CLM101208,PAT1098,PRV226,154.35,2026-01-09,M25.50
CLM101209,PAT1440,PRV275,14631.75,2026-04-01,M25.50
CLM101210,PAT1897,PRV257,14189.02,2026-05-18,J45.909
CLM101211,PAT1303,PRV202,5044.18,2026-07-13,I10
CLM101212,PAT1301,PRV279,1371.86,2026-04-28,I10
CLM101213,PAT1349,PRV133,2922.72,2026-03-19,J45.909
CLM101214,PAT1418,PRV156,7242.01,2026-02-08,Z00.00
CLM101215,PAT1456,PRV142,3899.51,2026-07-04,M25.50
CLM101216,PAT1058,PRV147,746.38,2026-02-27,E11.9
CLM101217,PAT1851,PRV200,8702.96,2026-04-14,Z00.00
CLM101218,PAT1438,PRV206,6588.02,2026-01-15,I10
CLM101219,PAT1124,PRV191,1926.99,2026-02-03,I10
CLM101220,PAT1867,PRV197,6975.69,2026-03-14,I10
CLM101221,PAT1948,PRV288,10892.72,2026-02-15,Z00.00
CLM101222,PAT1716,PRV253,7202.54,2026-02-23,I10
CLM101223,PAT1506,PRV295,3159.77,2026-01-30,J45.909
CLM101224,PAT1311,PRV247,10773.49,2026-02-08,Z00.00
CLM101225,PAT1443,PRV162,10028.17,2026-02-17,INVALID_CODE
CLM101226,PAT1456,PRV118,6989.4,2026-07-05,I10
CLM101227,PAT1038,PRV189,917.22,2026-07-04,INVALID_CODE
CLM101228,PAT1129,PRV260,5524.9,2026-02-26,M25.50
CLM101229,PAT1012,PRV256,8129.65,2026-03-18,I10
CLM101230,PAT1839,PRV171,3554.4,2026-03-06,J45.909
CLM101231,PAT1616,PRV195,2051.73,2026-03-15,INVALID_CODE
CLM101232,PAT1709,PRV225,5221.64,2026-02-21,M25.50
CLM101233,PAT1237,PRV162,6332.25,2026-01-04,I10
CLM101234,PAT1110,PRV156,1126.63,2026-01-24,INVALID_CODE
CLM101235,PAT1734,PRV241,4859.84,2026-03-17,Z00.00
CLM101236,PAT1314,PRV156,6552.85,2026-03-03,E11.9
CLM101237,PAT1835,PRV198,4119.96,2026-04-27,J45.909
CLM101238,PAT1296,PRV237,7523.03,2026-01-21,E11.9
CLM101239,PAT1915,PRV161,2158.75,2026-04-17,INVALID_CODE
CLM101240,PAT1534,PRV261,5482.87,2026-02-14,I10
CLM101241,PAT1261,PRV167,8413.13,2026-03-09,M25.50
CLM101242,PAT1203,PRV286,3054.99,2026-07-04,I10
CLM101243,PAT1396,PRV149,5415.83,2026-04-20,J45.909
CLM101244,PAT1030,PRV235,2368.61,2026-02-26,E11.9
CLM101245,PAT1828,PRV268,14389.5,2026-03-09,I10
CLM101246,PAT1571,PRV224,4916.66,2026-06-25,M25.50
CLM101247,PAT1628,PRV188,9063.45,2026-02-26,E11.9
CLM101248,PAT1838,PRV285,14049.36,2026-01-24,INVALID_CODE
CLM101249,PAT1799,PRV288,7492.88,2026-04-27,J45.909
CLM101250,PAT1206,PRV115,13905.75,2026-01-20,J45.909
CLM101251,PAT1940,PRV215,7181.03,2026-02-22,J45.909
CLM101252,PAT1052,PRV121,4452.77,2026-07-18,I10
CLM101253,PAT1063,PRV216,7226.24,2026-04-13,INVALID_CODE
CLM101254,PAT1749,PRV299,12069.13,2026-02-17,J45.909
CLM101255,PAT1201,PRV108,10320.15,2026-01-31,J45.909
CLM101256,PAT1806,PRV216,6441.22,2026-04-14,M25.50
CLM101257,PAT1066,PRV133,6934.49,2026-02-08,I10
CLM101258,PAT1412,PRV195,7233.85,2026-03-08,E11.9
CLM101259,PAT1319,PRV283,13581.55,2026-02-17,M25.50
CLM101260,PAT1007,PRV261,12088.13,2026-06-11,INVALID_CODE
CLM101261,PAT1605,PRV232,9524.83,2026-01-19,Z00.00
CLM101262,PAT1243,PRV236,7590.51,2026-04-25,I10
CLM101263,PAT1778,PRV216,852.12,2026-01-07,E11.9
CLM101264,PAT1144,PRV124,5099.17,2026-03-01,Z00.00
CLM101265,PAT1152,PRV201,8684.81,2026-02-13,INVALID_CODE
CLM101266,PAT1331,PRV298,10062.9,2026-02-17,J45.909
CLM101267,PAT1721,PRV235,4848.41,2026-04-07,I10
CLM101268,PAT1114,PRV160,1847.33,2026-04-20,I10
CLM101269,PAT1007,PRV251,12838.16,2026-01-06,INVALID_CODE
CLM101270,PAT1969,PRV135,2595.03,2026-07-18,INVALID_CODE
CLM101271,PAT1070,PRV284,10268.45,2026-06-24,I10
CLM101272,PAT1929,PRV130,12739.57,2026-07-05,J45.909
CLM101273,PAT1231,PRV227,8829.64,2026-02-19,Z00.00
CLM101274,PAT1470,PRV281,3702.21,2026-05-20,I10
CLM101275,PAT1289,PRV156,9775.13,2026-04-22,E11.9
CLM101276,PAT1994,PRV248,5400.79,2026-01-15,M25.50
CLM101277,PAT1706,PRV210,10335.28,2026-03-18,Z00.00
CLM101278,PAT1576,PRV130,5890.25,2026-01-11,INVALID_CODE
CLM101279,PAT1988,PRV269,8817.79,2026-01-11,J45.909
CLM101280,PAT1427,PRV136,10690.62,2026-04-06,Z00.00
CLM101281,PAT1328,PRV103,804.49,2026-02-24,INVALID_CODE
CLM101282,PAT1557,PRV233,3856.52,2026-02-24,M25.50
CLM101283,PAT1334,PRV200,7000.59,2026-03-15,Z00.00
CLM101284,PAT1731,PRV170,2881.46,2026-05-30,Z00.00
CLM101285,PAT1409,PRV144,14372.94,2026-03-29,Z00.00
CLM101286,PAT1099,PRV243,10308.85,2026-05-30,M25.50
CLM101287,PAT1794,PRV200,8109.11,2026-02-09,J45.909
CLM101288,PAT1745,PRV122,3994.1,2026-05-23,M25.50
CLM101289,PAT1160,PRV215,11098.94,2026-03-04,M25.50
CLM101290,PAT1866,PRV256,9761.53,2026-03-15,J45.909
CLM101291,PAT1907,PRV216,437.15,2026-04-06,M25.50
CLM101292,PAT1006,PRV280,12965.47,2026-04-17,M25.50
CLM101293,PAT1435,PRV244,5692.31,2026-07-03,J45.909
CLM101294,PAT1897,PRV243,10563.25,2026-03-25,E11.9
CLM101295,PAT1891,PRV213,13286.67,2026-01-20,M25.50
CLM101296,PAT1216,PRV129,7892.36,2026-01-22,M25.50
CLM101297,PAT1920,PRV230,3598.76,2026-02-17,M25.50
CLM101298,PAT1876,PRV141,14458.74,2026-07-02,J45.909
CLM101299,PAT1251,PRV221,11002.42,2026-06-14,INVALID_CODE
CLM101300,PAT1829,PRV191,14643.11,2026-03-02,I10
CLM101301,PAT1787,PRV161,706.49,2026-04-09,M25.50
CLM101302,PAT1361,PRV181,7524.82,2026-03-07,I10
CLM101303,PAT1222,PRV173,7596.93,2026-01-20,J45.909
CLM101304,PAT1492,PRV153,14696.29,2026-04-25,INVALID_CODE
CLM101305,PAT1932,PRV215,12896.97,2026-01-09,M25.50
CLM101306,PAT1168,PRV153,11485.56,2026-02-08,INVALID_CODE
CLM101307,PAT1299,PRV194,3239.01,2026-06-09,E11.9
CLM101308,PAT1993,PRV148,8971.92,2026-01-04,INVALID_CODE
CLM101309,PAT1688,PRV156,507.96,2026-05-15,J45.909
CLM101310,PAT1331,PRV141,8683.88,2026-07-07,INVALID_CODE
CLM101311,PAT1733,PRV190,5255.08,2026-03-12,Z00.00
CLM101312,PAT1140,PRV149,8417.26,2026-04-16,M25.50
CLM101313,PAT1072,PRV110,2895.87,2026-07-05,Z00.00
CLM101314,PAT1552,PRV263,9462.75,2026-03-23,M25.50
CLM101315,PAT1708,PRV144,13117.76,2026-04-09,I10
CLM101316,PAT1967,PRV219,14274.39,2026-04-02,E11.9
CLM101317,PAT1402,PRV273,5950.68,2026-04-25,M25.50
CLM101318,PAT1119,PRV228,10646.1,2026-07-17,I10
CLM101319,PAT1653,PRV140,14146.44,2026-01-24,Z00.00
CLM101320,PAT1604,PRV264,9337.37,2026-07-10,J45.909
CLM101321,PAT1905,PRV259,2154.53,2026-02-18,E11.9
CLM101322,PAT1312,PRV166,9354.65,2026-04-30,I10
CLM101323,PAT1977,PRV217,12115.85,2026-01-28,INVALID_CODE
CLM101324,PAT1237,PRV265,3067.21,2026-07-06,Z00.00
CLM101325,PAT1948,PRV188,410.22,2026-05-24,I10
CLM101326,PAT1511,PRV294,13188.26,2026-04-26,I10
CLM101327,PAT1153,PRV288,12063.99,2026-01-09,INVALID_CODE
CLM101328,PAT1322,PRV172,8010.62,2026-06-19,I10
CLM101329,PAT1468,PRV277,10935.11,2026-04-01,I10
CLM101330,PAT1770,PRV163,10160.78,2026-04-04,I10
CLM101331,PAT1498,PRV159,4659.62,2026-07-01,J45.909
CLM101332,PAT1894,PRV168,7839.35,2026-04-26,Z00.00
CLM101333,PAT1663,PRV206,1537.66,2026-07-08,I10
CLM101334,PAT1903,PRV138,11709.74,2026-05-30,Z00.00
CLM101335,PAT1574,PRV239,4359.82,2026-04-05,Z00.00
CLM101336,PAT1215,PRV166,8042.04,2026-03-27,J45.909
CLM101337,PAT1112,PRV212,4089.12,2026-06-24,Z00.00
CLM101338,PAT1922,PRV215,10393.28,2026-04-05,M25.50
CLM101339,PAT1277,PRV215,1386.78,2026-06-18,INVALID_CODE
CLM101340,PAT1793,PRV146,5349.86,2026-02-26,Z00.00
CLM101341,PAT1713,PRV135,7025.36,2026-03-02,Z00.00
CLM101342,PAT1261,PRV139,8308.93,2026-05-31,I10
CLM101343,PAT1145,PRV247,4996.4,2026-06-28,E11.9
CLM101344,PAT1782,PRV185,7268.42,2026-05-12,E11.9
CLM101345,PAT1005,PRV238,985.43,2026-03-30,M25.50
CLM101346,PAT1582,PRV182,4871.28,2026-01-30,M25.50
CLM101347,PAT1232,PRV203,5894.0,2026-06-16,M25.50
CLM101348,PAT1488,PRV269,9421.23,2026-05-29,E11.9
CLM101349,PAT1760,PRV263,6904.82,2026-01-28,M25.50
CLM101350,PAT1338,PRV192,10225.54,2026-04-09,J45.909
CLM101351,PAT1190,PRV263,4524.2,2026-02-01,E11.9
CLM101352,PAT1767,PRV292,7627.38,2026-02-11,J45.909
CLM101353,PAT1612,PRV130,11840.58,2026-06-30,J45.909
CLM101354,PAT1681,PRV296,811.3,2026-03-05,INVALID_CODE
CLM101355,PAT1867,PRV158,12282.24,2026-05-06,J45.909
CLM101356,PAT1965,PRV181,10748.2,2026-03-13,J45.909
CLM101357,PAT1423,PRV208,14737.15,2026-02-18,Z00.00
CLM101358,PAT1371,PRV196,10560.22,2026-05-10,M25.50
CLM101359,PAT1586,PRV242,14999.17,2026-03-02,J45.909
CLM101360,PAT1996,PRV239,9031.53,2026-04-21,J45.909
CLM101361,PAT1517,PRV106,13901.74,2026-05-17,E11.9
CLM101362,PAT1718,PRV287,188.55,2026-05-01,J45.909
CLM101363,PAT1026,PRV131,1072.64,2026-01-17,E11.9
CLM101364,PAT1826,PRV155,4052.95,2026-01-05,E11.9
CLM101365,PAT1329,PRV131,14356.82,2026-03-24,Z00.00
CLM101366,PAT1279,PRV265,9863.65,2026-01-31,E11.9
CLM101367,PAT1887,PRV208,10113.81,2026-05-25,INVALID_CODE
CLM101368,PAT1152,PRV117,8162.74,2026-03-08,INVALID_CODE
CLM101369,PAT1553,PRV199,2309.16,2026-04-06,J45.909
CLM101370,PAT1581,PRV293,8700.29,2026-03-12,INVALID_CODE
CLM101371,PAT1433,PRV154,13390.87,2026-07-08,I10
CLM101372,PAT1714,PRV260,3024.9,2026-01-18,INVALID_CODE
CLM101373,PAT1842,PRV138,5761.68,2026-03-12,INVALID_CODE
CLM101374,PAT1741,PRV260,12861.81,2026-03-07,Z00.00
CLM101375,PAT1638,PRV206,5759.98,2026-03-02,M25.50
CLM101376,PAT1430,PRV276,13804.1,2026-04-29,I10
CLM101377,PAT1741,PRV214,9594.42,2026-06-22,Z00.00
CLM101378,PAT1517,PRV255,13532.39,2026-02-20,J45.909
CLM101379,PAT1747,PRV267,7564.25,2026-02-25,J45.909
CLM101380,PAT1232,PRV161,6288.78,2026-01-31,M25.50
CLM101381,PAT1202,PRV259,2806.72,2026-04-09,Z00.00
CLM101382,PAT1713,PRV285,5910.23,2026-06-04,I10
CLM101383,PAT1887,PRV131,13890.06,2026-04-17,Z00.00
CLM101384,PAT1137,PRV250,943.49,2026-04-02,I10
CLM101385,PAT1494,PRV252,3202.93,2026-03-09,E11.9
CLM101386,PAT1280,PRV110,5758.62,2026-07-16,I10
CLM101387,PAT1506,PRV131,14573.27,2026-03-10,Z00.00
CLM101388,PAT1492,PRV135,12405.22,2026-01-31,INVALID_CODE
CLM101389,PAT1087,PRV297,5535.21,2026-01-16,INVALID_CODE
CLM101390,PAT1421,PRV106,6578.19,2026-03-27,J45.909
CLM101391,PAT1079,PRV266,6731.03,2026-03-28,J45.909
CLM101392,PAT1216,PRV152,300.73,2026-03-27,Z00.00
CLM101393,PAT1507,PRV283,14943.31,2026-04-17,Z00.00
CLM101394,PAT1361,PRV115,8684.61,2026-01-18,E11.9
CLM101395,PAT1808,PRV132,9852.61,2026-05-07,J45.909
CLM101396,PAT1395,PRV108,4829.59,2026-04-22,I10
CLM101397,PAT1322,PRV223,11897.84,2026-02-17,J45.909
CLM101398,PAT1433,PRV131,14199.46,2026-06-07,J45.909
CLM101399,PAT1696,PRV109,10490.94,2026-04-29,INVALID_CODE
CLM101400,PAT1268,PRV171,8004.2,2026-02-18,I10
CLM101401,PAT1141,PRV220,10837.66,2026-01-25,J45.909
CLM101402,PAT1145,PRV220,13214.02,2026-03-03,INVALID_CODE
CLM101403,PAT1281,PRV264,7848.93,2026-01-10,INVALID_CODE
CLM101404,PAT1591,PRV209,2731.47,2026-05-16,J45.909
CLM101405,PAT1721,PRV211,5500.32,2026-03-21,I10
CLM101406,PAT1036,PRV217,8573.18,2026-04-26,INVALID_CODE
CLM101407,PAT1561,PRV139,7993.44,2026-02-22,M25.50
CLM101408,PAT1017,PRV164,11321.98,2026-06-10,M25.50
CLM101409,PAT1188,PRV179,2996.12,2026-07-01,J45.909
CLM101410,PAT1051,PRV164,13852.46,2026-05-09,INVALID_CODE
CLM101411,PAT1373,PRV215,3944.12,2026-02-20,INVALID_CODE
CLM101412,PAT1503,PRV169,12989.64,2026-02-28,Z00.00
CLM101413,PAT1367,PRV227,10000.09,2026-01-24,E11.9
CLM101414,PAT1044,PRV108,5052.69,2026-07-16,I10
CLM101415,PAT1079,PRV294,4056.09,2026-02-20,INVALID_CODE
CLM101416,PAT1308,PRV139,5774.53,2026-04-10,I10
CLM101417,PAT1941,PRV200,5358.72,2026-03-13,Z00.00
CLM101418,PAT1070,PRV255,1040.29,2026-02-11,Z00.00
CLM101419,PAT1512,PRV284,5146.24,2026-04-21,J45.909
CLM101420,PAT1363,PRV275,14474.89,2026-01-02,M25.50
CLM101421,PAT1370,PRV298,8068.64,2026-05-07,INVALID_CODE
CLM101422,PAT1993,PRV111,11165.87,2026-03-29,E11.9
CLM101423,PAT1885,PRV174,11060.83,2026-03-14,J45.909
CLM101424,PAT1571,PRV164,10197.09,2026-03-13,INVALID_CODE
CLM101425,PAT1010,PRV274,11698.88,2026-01-07,Z00.00
CLM101426,PAT1477,PRV175,14943.5,2026-06-22,Z00.00
CLM101427,PAT1265,PRV172,13827.21,2026-05-20,J45.909
CLM101428,PAT1466,PRV135,519.93,2026-05-07,M25.50
CLM101429,PAT1853,PRV166,6029.44,2026-03-27,E11.9
CLM101430,PAT1459,PRV247,5329.01,2026-03-21,M25.50
CLM101431,PAT1600,PRV202,3529.15,2026-06-10,INVALID_CODE
CLM101432,PAT1935,PRV291,11584.69,2026-02-06,I10
CLM101433,PAT1153,PRV251,7484.1,2026-01-07,M25.50
CLM101434,PAT1788,PRV134,5743.86,2026-07-11,INVALID_CODE
CLM101435,PAT1609,PRV115,2856.84,2026-01-12,Z00.00
CLM101436,PAT1253,PRV105,6073.53,2026-05-26,Z00.00
CLM101437,PAT1828,PRV135,550.81,2026-07-13,Z00.00
CLM101438,PAT1732,PRV235,3010.37,2026-02-28,INVALID_CODE
CLM101439,PAT1520,PRV119,5598.19,2026-01-30,E11.9
CLM101440,PAT1170,PRV120,14429.42,2026-04-11,Z00.00
CLM101441,PAT1289,PRV174,1383.53,2026-05-11,E11.9
CLM101442,PAT1411,PRV182,8655.81,2026-04-20,J45.909
CLM101443,PAT1011,PRV189,6424.45,2026-07-04,J45.909
CLM101444,PAT1503,PRV275,12294.66,2026-01-10,M25.50
CLM101445,PAT1213,PRV149,9008.25,2026-06-18,J45.909
CLM101446,PAT1483,PRV255,13124.6,2026-04-03,E11.9
CLM101447,PAT1577,PRV251,9647.93,2026-01-19,E11.9
CLM101448,PAT1425,PRV122,2389.94,2026-01-24,M25.50
CLM101449,PAT1807,PRV150,9299.4,2026-06-09,INVALID_CODE
CLM101450,PAT1569,PRV123,14879.04,2026-06-06,E11.9
CLM101451,PAT1043,PRV206,13724.16,2026-05-09,J45.909
CLM101452,PAT1152,PRV123,8682.61,2026-07-12,M25.50
CLM101453,PAT1657,PRV229,13668.42,2026-01-23,E11.9
CLM101454,PAT1025,PRV226,3649.25,2026-04-28,Z00.00
CLM101455,PAT1967,PRV189,469.41,2026-04-19,INVALID_CODE
CLM101456,PAT1527,PRV236,10366.89,2026-02-19,J45.909
CLM101457,PAT1027,PRV277,1608.16,2026-02-13,J45.909
CLM101458,PAT1941,PRV288,3223.61,2026-01-23,Z00.00
CLM101459,PAT1737,PRV204,8708.84,2026-01-12,INVALID_CODE
CLM101460,PAT1554,PRV205,1388.74,2026-04-12,Z00.00
CLM101461,PAT1944,PRV102,4954.65,2026-07-12,I10
CLM101462,PAT1855,PRV134,5444.09,2026-04-07,I10
CLM101463,PAT1167,PRV154,14374.03,2026-02-05,I10
CLM101464,PAT1251,PRV170,4666.43,2026-02-20,E11.9
CLM101465,PAT1091,PRV212,11599.12,2026-07-17,M25.50
CLM101466,PAT1420,PRV283,11545.48,2026-01-04,M25.50
CLM101467,PAT1871,PRV104,12400.0,2026-04-03,Z00.00
CLM101468,PAT1214,PRV174,8419.53,2026-07-13,Z00.00
CLM101469,PAT1680,PRV251,5417.8,2026-06-11,INVALID_CODE
CLM101470,PAT1423,PRV133,6381.59,2026-06-02,INVALID_CODE
CLM101471,PAT1432,PRV151,9612.68,2026-07-20,J45.909
CLM101472,PAT1767,PRV181,171.53,2026-02-02,J45.909
CLM101473,PAT1176,PRV292,11399.03,2026-05-02,E11.9
CLM101474,PAT1250,PRV265,852.63,2026-07-13,M25.50
CLM101475,PAT1034,PRV197,2283.77,2026-04-21,INVALID_CODE
CLM101476,PAT1538,PRV114,11719.39,2026-03-07,INVALID_CODE
CLM101477,PAT1320,PRV272,5495.2,2026-04-23,M25.50
CLM101478,PAT1241,PRV187,7989.36,2026-06-15,M25.50
CLM101479,PAT1778,PRV162,9996.35,2026-01-05,I10
CLM101480,PAT1898,PRV278,14667.9,2026-01-25,E11.9
CLM101481,PAT1915,PRV135,7531.49,2026-05-28,Z00.00
CLM101482,PAT1761,PRV176,11575.45,2026-05-30,J45.909
CLM101483,PAT1687,PRV167,14580.02,2026-05-03,I10
CLM101484,PAT1605,PRV150,5523.76,2026-02-21,INVALID_CODE
CLM101485,PAT1836,PRV248,14934.02,2026-03-28,Z00.00
CLM101486,PAT1317,PRV160,13230.29,2026-07-07,J45.909
CLM101487,PAT1627,PRV110,14393.77,2026-01-29,I10
CLM101488,PAT1896,PRV235,8552.51,2026-01-07,I10
CLM101489,PAT1485,PRV203,6180.98,2026-03-15,I10
CLM101490,PAT1570,PRV192,11338.92,2026-05-31,J45.909
CLM101491,PAT1117,PRV152,3374.07,2026-05-22,INVALID_CODE
CLM101492,PAT1000,PRV274,156.91,2026-02-01,J45.909
CLM101493,PAT1130,PRV288,505.66,2026-07-12,I10
CLM101494,PAT1985,PRV106,718.93,2026-02-15,J45.909
CLM101495,PAT1225,PRV286,13065.78,2026-02-14,I10
CLM101496,PAT1361,PRV294,5352.23,2026-06-03,J45.909
CLM101497,PAT1385,PRV218,3960.87,2026-04-04,I10
CLM101498,PAT1848,PRV283,10477.15,2026-07-04,INVALID_CODE
CLM101499,PAT1693,PRV254,12898.31,2026-06-30,Z00.00
CLM101500,PAT1724,PRV261,2183.77,2026-05-10,Z00.00
CLM101501,PAT1850,PRV148,5032.21,2026-02-28,E11.9
CLM101502,PAT1395,PRV202,1819.69,2026-07-16,INVALID_CODE
CLM101503,PAT1750,PRV255,3399.03,2026-02-21,M25.50
CLM101504,PAT1851,PRV196,10739.38,2026-04-29,Z00.00
CLM101505,PAT1752,PRV164,3772.3,2026-05-18,J45.909
CLM101506,PAT1105,PRV226,14395.55,2026-05-23,M25.50
CLM101507,PAT1364,PRV135,8489.89,2026-01-09,J45.909
CLM101508,PAT1921,PRV116,14860.23,2026-07-09,J45.909
CLM101509,PAT1512,PRV116,10036.86,2026-01-21,I10
CLM101510,PAT1926,PRV145,3916.97,2026-05-12,M25.50
CLM101511,PAT1756,PRV194,3363.56,2026-07-04,J45.909
CLM101512,PAT1416,PRV258,12746.21,2026-04-08,I10
CLM101513,PAT1287,PRV111,10131.34,2026-05-31,INVALID_CODE
CLM101514,PAT1188,PRV260,12093.55,2026-06-18,INVALID_CODE
CLM101515,PAT1748,PRV187,5535.7,2026-04-17,M25.50
CLM101516,PAT1342,PRV117,11193.42,2026-04-11,M25.50
CLM101517,PAT1474,PRV148,9852.78,2026-02-02,J45.909
CLM101518,PAT1143,PRV176,649.47,2026-05-10,I10
CLM101519,PAT1170,PRV193,14376.67,2026-05-16,E11.9
CLM101520,PAT1714,PRV146,8557.08,2026-03-03,M25.50
CLM101521,PAT1768,PRV197,14740.74,2026-02-27,E11.9
CLM101522,PAT1771,PRV191,5280.61,2026-06-19,M25.50
CLM101523,PAT1822,PRV159,6967.66,2026-01-17,INVALID_CODE
CLM101524,PAT1477,PRV159,1092.42,2026-05-06,Z00.00
CLM101525,PAT1634,PRV219,7555.41,2026-04-13,J45.909
CLM101526,PAT1146,PRV159,10363.83,2026-05-25,E11.9
CLM101527,PAT1106,PRV165,3894.75,2026-06-16,E11.9
CLM101528,PAT1858,PRV249,14144.62,2026-05-03,Z00.00
CLM101529,PAT1796,PRV149,12944.42,2026-03-30,INVALID_CODE
CLM101530,PAT1755,PRV103,7556.34,2026-04-10,J45.909
CLM101531,PAT1917,PRV176,10980.85,2026-03-15,J45.909
CLM101532,PAT1685,PRV285,2661.46,2026-04-22,J45.909
CLM101533,PAT1230,PRV127,10797.42,2026-01-15,I10
CLM101534,PAT1027,PRV260,2446.93,2026-05-22,E11.9
CLM101535,PAT1497,PRV288,9140.02,2026-03-08,M25.50
CLM101536,PAT1924,PRV268,2216.63,2026-03-25,J45.909
CLM101537,PAT1867,PRV192,14297.99,2026-05-08,INVALID_CODE
CLM101538,PAT1509,PRV264,5392.77,2026-06-08,INVALID_CODE
CLM101539,PAT1575,PRV260,13137.35,2026-03-29,INVALID_CODE
CLM101540,PAT1186,PRV179,3016.7,2026-07-18,Z00.00
CLM101541,PAT1748,PRV181,7554.04,2026-01-17,M25.50
CLM101542,PAT1496,PRV140,11795.82,2026-05-21,J45.909
CLM101543,PAT1343,PRV265,279.92,2026-06-18,E11.9
CLM101544,PAT1704,PRV132,2432.25,2026-05-14,E11.9
CLM101545,PAT1650,PRV224,7105.11,2026-02-16,INVALID_CODE
CLM101546,PAT1714,PRV139,13301.01,2026-06-02,Z00.00
CLM101547,PAT1885,PRV149,10534.57,2026-07-20,J45.909
CLM101548,PAT1631,PRV182,12503.91,2026-02-24,J45.909
CLM101549,PAT1211,PRV177,12399.94,2026-07-08,Z00.00
CLM101550,PAT1210,PRV138,12042.68,2026-06-21,Z00.00
CLM101551,PAT1072,PRV190,3270.98,2026-02-23,J45.909
CLM101552,PAT1825,PRV254,10700.43,2026-02-05,E11.9
CLM101553,PAT1011,PRV122,1412.16,2026-07-12,INVALID_CODE
CLM101554,PAT1027,PRV259,2732.44,2026-02-11,Z00.00
CLM101555,PAT1049,PRV141,3914.09,2026-07-05,INVALID_CODE
CLM101556,PAT1585,PRV168,12836.15,2026-06-05,Z00.00
CLM101557,PAT1152,PRV266,9607.56,2026-02-12,I10
CLM101558,PAT1483,PRV237,3035.7,2026-03-17,E11.9
CLM101559,PAT1920,PRV158,10612.92,2026-04-11,I10
CLM101560,PAT1002,PRV154,9016.51,2026-04-01,E11.9
CLM101561,PAT1584,PRV210,7260.99,2026-06-22,E11.9
CLM101562,PAT1539,PRV243,12099.87,2026-01-29,J45.909
CLM101563,PAT1629,PRV192,9755.31,2026-01-15,Z00.00
CLM101564,PAT1097,PRV104,13181.97,2026-06-25,M25.50
CLM101565,PAT1403,PRV187,9597.72,2026-07-18,Z00.00
CLM101566,PAT1002,PRV266,4323.82,2026-01-03,INVALID_CODE
CLM101567,PAT1256,PRV291,6554.19,2026-07-17,INVALID_CODE
CLM101568,PAT1663,PRV265,5067.37,2026-03-18,M25.50
CLM101569,PAT1636,PRV123,814.8,2026-05-12,Z00.00
CLM101570,PAT1616,PRV222,8561.01,2026-05-08,J45.909
CLM101571,PAT1121,PRV289,7200.93,2026-05-20,M25.50
CLM101572,PAT1347,PRV203,10203.54,2026-03-24,J45.909
CLM101573,PAT1037,PRV217,2649.33,2026-02-02,J45.909
CLM101574,PAT1625,PRV180,14836.67,2026-03-11,INVALID_CODE
CLM101575,PAT1345,PRV118,1369.78,2026-04-02,INVALID_CODE
CLM101576,PAT1672,PRV260,12431.11,2026-03-12,Z00.00
CLM101577,PAT1603,PRV282,11839.11,2026-06-11,I10
CLM101578,PAT1878,PRV295,6180.28,2026-03-07,Z00.00
CLM101579,PAT1378,PRV221,4162.86,2026-06-05,INVALID_CODE
CLM101580,PAT1124,PRV196,11923.43,2026-04-26,J45.909
CLM101581,PAT1972,PRV123,2317.84,2026-01-18,E11.9
CLM101582,PAT1046,PRV116,12858.39,2026-06-29,I10
CLM101583,PAT1665,PRV236,3041.1,2026-03-06,I10
CLM101584,PAT1125,PRV271,14594.72,2026-02-10,J45.909
CLM101585,PAT1319,PRV219,8645.18,2026-02-19,I10
CLM101586,PAT1911,PRV299,13055.42,2026-06-19,INVALID_CODE
CLM101587,PAT1359,PRV190,9959.41,2026-07-14,I10
CLM101588,PAT1397,PRV216,12656.45,2026-01-09,I10
CLM101589,PAT1353,PRV248,4101.22,2026-07-13,INVALID_CODE
CLM101590,PAT1207,PRV195,14355.7,2026-06-28,I10
CLM101591,PAT1719,PRV261,486.24,2026-04-04,M25.50
CLM101592,PAT1732,PRV166,13314.14,2026-04-17,M25.50
CLM101593,PAT1488,PRV189,8734.67,2026-01-06,Z00.00
CLM101594,PAT1031,PRV257,3133.91,2026-07-05,I10
CLM101595,PAT1722,PRV112,6097.4,2026-02-22,J45.909
CLM101596,PAT1013,PRV129,3985.76,2026-02-28,I10
CLM101597,PAT1463,PRV287,5212.04,2026-01-16,INVALID_CODE
CLM101598,PAT1458,PRV196,12866.14,2026-04-01,INVALID_CODE
CLM101599,PAT1062,PRV107,3679.39,2026-07-01,INVALID_CODE
CLM101600,PAT1978,PRV200,2566.08,2026-06-28,E11.9
CLM101601,PAT1087,PRV127,1062.08,2026-03-13,INVALID_CODE
CLM101602,PAT1733,PRV105,11733.45,2026-04-17,I10
CLM101603,PAT1795,PRV149,14586.7,2026-06-14,E11.9
CLM101604,PAT1796,PRV297,7093.29,2026-06-17,Z00.00
CLM101605,PAT1067,PRV179,1511.01,2026-04-26,E11.9
CLM101606,PAT1586,PRV295,10865.48,2026-07-04,I10
CLM101607,PAT1816,PRV163,349.33,2026-03-21,Z00.00
CLM101608,PAT1239,PRV220,3836.91,2026-04-20,M25.50
CLM101609,PAT1561,PRV252,9372.62,2026-01-22,E11.9
CLM101610,PAT1264,PRV223,1018.92,2026-06-24,INVALID_CODE
CLM101611,PAT1041,PRV193,722.0,2026-03-14,Z00.00
CLM101612,PAT1187,PRV140,8558.05,2026-04-05,INVALID_CODE
CLM101613,PAT1933,PRV138,5839.88,2026-01-15,I10
CLM101614,PAT1026,PRV281,14144.54,2026-02-06,I10
CLM101615,PAT1680,PRV299,5531.69,2026-05-22,I10
CLM101616,PAT1554,PRV114,12577.06,2026-02-05,INVALID_CODE
CLM101617,PAT1502,PRV214,1385.1,2026-01-12,INVALID_CODE
CLM101618,PAT1458,PRV290,5903.63,2026-02-15,J45.909
CLM101619,PAT1677,PRV142,8544.95,2026-01-29,Z00.00
CLM101620,PAT1350,PRV205,7756.56,2026-05-30,E11.9
CLM101621,PAT1076,PRV129,4181.74,2026-05-03,J45.909
CLM101622,PAT1376,PRV271,13710.28,2026-06-02,J45.909
CLM101623,PAT1315,PRV121,10165.26,2026-06-13,I10
CLM101624,PAT1682,PRV129,6876.71,2026-06-19,I10
CLM101625,PAT1339,PRV145,8027.93,2026-05-24,Z00.00
CLM101626,PAT1920,PRV250,1371.36,2026-07-07,Z00.00
CLM101627,PAT1634,PRV159,5677.29,2026-05-01,Z00.00
CLM101628,PAT1755,PRV150,8134.08,2026-06-04,INVALID_CODE
CLM101629,PAT1047,PRV174,7452.7,2026-07-10,E11.9
CLM101630,PAT1229,PRV225,12623.13,2026-07-15,INVALID_CODE
CLM101631,PAT1306,PRV142,11603.65,2026-06-23,Z00.00
CLM101632,PAT1885,PRV206,8630.06,2026-05-25,Z00.00
CLM101633,PAT1637,PRV275,9704.07,2026-02-08,J45.909
CLM101634,PAT1238,PRV294,3193.25,2026-04-22,J45.909
CLM101635,PAT1476,PRV235,1636.98,2026-03-17,J45.909
CLM101636,PAT1383,PRV290,7555.09,2026-02-22,INVALID_CODE
CLM101637,PAT1189,PRV162,9603.54,2026-01-02,M25.50
CLM101638,PAT1704,PRV258,1284.58,2026-01-08,Z00.00
CLM101639,PAT1415,PRV281,7234.07,2026-02-03,I10
CLM101640,PAT1383,PRV242,279.38,2026-02-21,I10
CLM101641,PAT1233,PRV201,2275.07,2026-02-02,INVALID_CODE
CLM101642,PAT1622,PRV147,8044.71,2026-03-21,Z00.00
CLM101643,PAT1897,PRV144,7518.25,2026-03-31,M25.50
CLM101644,PAT1034,PRV132,1081.97,2026-03-18,E11.9
CLM101645,PAT1838,PRV151,13260.05,2026-02-08,M25.50
CLM101646,PAT1422,PRV272,6692.59,2026-05-10,I10
CLM101647,PAT1442,PRV223,10845.06,2026-06-04,INVALID_CODE
CLM101648,PAT1825,PRV252,13925.43,2026-04-06,I10
CLM101649,PAT1883,PRV175,9187.77,2026-03-27,Z00.00
CLM101650,PAT1588,PRV199,3147.47,2026-05-22,E11.9
CLM101651,PAT1823,PRV148,1681.41,2026-02-22,M25.50
CLM101652,PAT1996,PRV182,9810.47,2026-06-12,INVALID_CODE
CLM101653,PAT1703,PRV206,11846.18,2026-06-29,J45.909
CLM101654,PAT1099,PRV255,596.52,2026-06-05,M25.50
CLM101655,PAT1715,PRV251,11611.19,2026-01-23,E11.9
CLM101656,PAT1931,PRV274,4617.22,2026-05-13,E11.9
CLM101657,PAT1944,PRV269,2943.13,2026-04-09,E11.9
CLM101658,PAT1898,PRV114,7939.88,2026-07-09,Z00.00
CLM101659,PAT1286,PRV283,3074.83,2026-01-18,Z00.00
CLM101660,PAT1848,PRV197,9631.26,2026-02-01,Z00.00
CLM101661,PAT1733,PRV266,3085.81,2026-06-13,J45.909
CLM101662,PAT1629,PRV235,11899.88,2026-07-17,J45.909
CLM101663,PAT1451,PRV288,12804.15,2026-01-16,J45.909
CLM101664,PAT1750,PRV212,1390.21,2026-04-07,M25.50
CLM101665,PAT1597,PRV204,13245.73,2026-01-27,J45.909
CLM101666,PAT1065,PRV208,13568.82,2026-06-11,Z00.00
CLM101667,PAT1829,PRV229,11578.3,2026-02-09,INVALID_CODE
CLM101668,PAT1675,PRV197,2633.46,2026-01-13,E11.9
CLM101669,PAT1609,PRV159,10564.45,2026-06-12,M25.50
CLM101670,PAT1813,PRV116,1392.26,2026-06-04,J45.909
CLM101671,PAT1945,PRV158,8949.57,2026-04-29,INVALID_CODE
CLM101672,PAT1931,PRV295,5339.86,2026-03-07,INVALID_CODE
CLM101673,PAT1839,PRV267,3809.06,2026-04-01,E11.9
CLM101674,PAT1908,PRV278,3274.38,2026-05-02,M25.50
CLM101675,PAT1201,PRV151,502.21,2026-04-27,M25.50
CLM101676,PAT1987,PRV199,8102.57,2026-01-23,J45.909
CLM101677,PAT1573,PRV241,6230.71,2026-01-16,J45.909
CLM101678,PAT1710,PRV247,13665.03,2026-07-14,M25.50
CLM101679,PAT1915,PRV232,4478.24,2026-06-18,E11.9
CLM101680,PAT1674,PRV192,1580.46,2026-06-01,M25.50
CLM101681,PAT1524,PRV225,8802.56,2026-02-12,Z00.00
CLM101682,PAT1024,PRV125,9623.88,2026-04-18,M25.50
CLM101683,PAT1177,PRV130,11972.45,2026-03-09,E11.9
CLM101684,PAT1275,PRV120,538.18,2026-06-13,I10
CLM101685,PAT1974,PRV234,7432.71,2026-01-18,J45.909
CLM101686,PAT1495,PRV283,2890.7,2026-06-03,I10
CLM101687,PAT1720,PRV185,12476.16,2026-02-14,J45.909
CLM101688,PAT1554,PRV164,11044.1,2026-05-10,Z00.00
CLM101689,PAT1295,PRV221,8808.83,2026-04-16,INVALID_CODE
CLM101690,PAT1534,PRV272,1988.77,2026-05-15,J45.909
CLM101691,PAT1865,PRV299,1986.79,2026-06-02,INVALID_CODE
CLM101692,PAT1467,PRV267,6712.28,2026-07-02,E11.9
CLM101693,PAT1748,PRV294,4013.72,2026-06-07,E11.9
CLM101694,PAT1739,PRV233,1666.31,2026-06-02,J45.909
CLM101695,PAT1599,PRV191,11279.94,2026-06-16,E11.9
CLM101696,PAT1793,PRV211,6196.48,2026-04-30,J45.909
CLM101697,PAT1646,PRV262,4979.99,2026-06-10,M25.50
CLM101698,PAT1013,PRV208,8299.54,2026-06-21,E11.9
CLM101699,PAT1378,PRV237,578.05,2026-07-04,I10
CLM101700,PAT1662,PRV278,8303.91,2026-06-17,Z00.00
CLM101701,PAT1440,PRV243,7927.3,2026-06-05,I10
CLM101702,PAT1000,PRV136,1133.68,2026-01-22,INVALID_CODE
CLM101703,PAT1771,PRV196,3991.23,2026-05-10,J45.909
CLM101704,PAT1414,PRV120,3366.87,2026-07-16,Z00.00
CLM101705,PAT1892,PRV100,12157.2,2026-01-15,M25.50
CLM101706,PAT1736,PRV107,8168.45,2026-03-14,INVALID_CODE
CLM101707,PAT1802,PRV189,2847.97,2026-03-31,Z00.00
CLM101708,PAT1760,PRV292,4282.36,2026-01-11,E11.9
CLM101709,PAT1980,PRV189,837.45,2026-02-05,INVALID_CODE
CLM101710,PAT1636,PRV236,2409.85,2026-03-10,I10
CLM101711,PAT1194,PRV293,2792.78,2026-01-03,E11.9
CLM101712,PAT1111,PRV258,4390.88,2026-02-04,J45.909
CLM101713,PAT1430,PRV258,5998.2,2026-03-09,J45.909
CLM101714,PAT1415,PRV235,14171.84,2026-04-08,INVALID_CODE
CLM101715,PAT1348,PRV218,9559.65,2026-05-01,E11.9
CLM101716,PAT1137,PRV298,1815.11,2026-06-03,J45.909
CLM101717,PAT1165,PRV245,2705.27,2026-02-28,J45.909
CLM101718,PAT1866,PRV184,1716.82,2026-01-20,J45.909
CLM101719,PAT1057,PRV284,12592.28,2026-03-31,I10
CLM101720,PAT1916,PRV107,12752.73,2026-05-20,INVALID_CODE
CLM101721,PAT1308,PRV289,10856.13,2026-02-20,INVALID_CODE
CLM101722,PAT1488,PRV138,4861.72,2026-03-09,INVALID_CODE
CLM101723,PAT1926,PRV231,4475.03,2026-04-29,Z00.00
CLM101724,PAT1892,PRV220,9616.03,2026-07-10,E11.9
CLM101725,PAT1889,PRV180,4154.48,2026-04-17,M25.50
CLM101726,PAT1281,PRV282,1049.85,2026-01-16,E11.9
CLM101727,PAT1783,PRV228,11124.09,2026-06-11,M25.50
CLM101728,PAT1441,PRV185,7492.22,2026-02-17,Z00.00
CLM101729,PAT1784,PRV122,3116.83,2026-03-02,J45.909
CLM101730,PAT1767,PRV220,4899.97,2026-03-19,M25.50
CLM101731,PAT1208,PRV274,11126.53,2026-01-07,J45.909
CLM101732,PAT1819,PRV222,5897.97,2026-06-12,Z00.00
CLM101733,PAT1537,PRV163,219.29,2026-01-10,I10
CLM101734,PAT1069,PRV167,959.14,2026-05-20,E11.9
CLM101735,PAT1759,PRV300,13697.82,2026-05-11,Z00.00
CLM101736,PAT1085,PRV264,8191.66,2026-04-22,J45.909
CLM101737,PAT1379,PRV103,6012.9,2026-01-27,J45.909
CLM101738,PAT1879,PRV246,13067.06,2026-07-20,Z00.00
CLM101739,PAT1115,PRV224,11581.04,2026-03-25,E11.9
CLM101740,PAT1617,PRV192,852.34,2026-04-03,INVALID_CODE
CLM101741,PAT1088,PRV216,4888.57,2026-05-22,M25.50
CLM101742,PAT1903,PRV166,4441.4,2026-03-12,I10
CLM101743,PAT1190,PRV273,9010.07,2026-03-21,E11.9
CLM101744,PAT1152,PRV113,10946.56,2026-02-27,M25.50
CLM101745,PAT1493,PRV108,5347.15,2026-04-01,I10
CLM101746,PAT1694,PRV228,10235.22,2026-07-01,J45.909
CLM101747,PAT1690,PRV261,7601.58,2026-05-08,J45.909
CLM101748,PAT1728,PRV252,13294.23,2026-01-17,I10
CLM101749,PAT1738,PRV177,7031.32,2026-06-09,I10
CLM101750,PAT1780,PRV113,13483.66,2026-06-24,M25.50
CLM101751,PAT1060,PRV279,11509.36,2026-01-05,I10
CLM101752,PAT1421,PRV236,9035.07,2026-03-04,INVALID_CODE
CLM101753,PAT1093,PRV255,11814.52,2026-06-27,INVALID_CODE
CLM101754,PAT1921,PRV257,13314.97,2026-04-20,Z00.00
CLM101755,PAT1111,PRV205,13558.6,2026-01-07,J45.909
CLM101756,PAT1534,PRV293,12909.35,2026-01-08,J45.909
CLM101757,PAT1821,PRV174,6544.91,2026-05-31,I10
CLM101758,PAT1872,PRV196,6680.01,2026-06-21,M25.50
CLM101759,PAT1578,PRV101,4341.27,2026-05-02,J45.909
CLM101760,PAT1039,PRV155,2651.52,2026-03-02,INVALID_CODE
CLM101761,PAT1814,PRV222,8467.23,2026-01-21,E11.9
CLM101762,PAT1402,PRV216,1661.65,2026-01-22,I10
CLM101763,PAT1741,PRV256,696.01,2026-03-12,J45.909
CLM101764,PAT1155,PRV257,12148.01,2026-03-07,INVALID_CODE
CLM101765,PAT1796,PRV170,2552.86,2026-04-02,I10
CLM101766,PAT1432,PRV113,4157.37,2026-05-04,E11.9
CLM101767,PAT1511,PRV235,5663.87,2026-02-19,E11.9
CLM101768,PAT1158,PRV134,1925.88,2026-03-23,M25.50
CLM101769,PAT1605,PRV284,2724.45,2026-04-25,Z00.00
CLM101770,PAT1301,PRV158,9695.38,2026-03-21,E11.9
CLM101771,PAT1635,PRV164,8417.41,2026-06-20,M25.50
CLM101772,PAT1545,PRV135,3294.17,2026-06-11,M25.50
CLM101773,PAT1588,PRV251,6802.05,2026-04-27,I10
CLM101774,PAT1118,PRV119,13868.09,2026-02-16,INVALID_CODE
CLM101775,PAT1744,PRV225,12438.61,2026-02-16,I10
CLM101776,PAT1303,PRV250,14330.54,2026-06-27,I10
CLM101777,PAT1622,PRV147,8310.88,2026-03-17,E11.9
CLM101778,PAT1490,PRV220,10185.71,2026-02-28,M25.50
CLM101779,PAT1946,PRV126,5994.2,2026-06-23,INVALID_CODE
CLM101780,PAT1981,PRV101,11807.51,2026-07-13,E11.9
CLM101781,PAT1640,PRV119,6227.3,2026-06-24,J45.909
CLM101782,PAT1855,PRV297,1923.92,2026-02-16,J45.909
CLM101783,PAT1373,PRV161,3989.7,2026-05-17,I10
CLM101784,PAT1422,PRV233,11401.18,2026-06-14,INVALID_CODE
CLM101785,PAT1059,PRV114,12407.93,2026-01-08,Z00.00
CLM101786,PAT1644,PRV176,12354.2,2026-01-04,E11.9
CLM101787,PAT1331,PRV107,10304.24,2026-07-04,INVALID_CODE
CLM101788,PAT1903,PRV183,249.78,2026-06-11,INVALID_CODE
CLM101789,PAT1432,PRV274,9392.73,2026-03-16,Z00.00
CLM101790,PAT1752,PRV240,10389.64,2026-07-12,I10
CLM101791,PAT1439,PRV142,404.35,2026-04-16,Z00.00
CLM101792,PAT1796,PRV215,6097.86,2026-01-11,E11.9
CLM101793,PAT1418,PRV140,13878.37,2026-04-07,INVALID_CODE
CLM101794,PAT1117,PRV157,12495.37,2026-07-10,E11.9
CLM101795,PAT1379,PRV165,5182.28,2026-04-15,Z00.00
CLM101796,PAT1221,PRV134,398.41,2026-03-15,J45.909
CLM101797,PAT1107,PRV137,620.04,2026-01-05,Z00.00
CLM101798,PAT1849,PRV221,14980.52,2026-04-14,I10
CLM101799,PAT1009,PRV292,2973.55,2026-01-09,Z00.00
CLM101800,PAT1399,PRV270,11738.86,2026-02-06,Z00.00
CLM101801,PAT1709,PRV175,12374.01,2026-05-04,Z00.00
CLM101802,PAT1521,PRV248,6464.38,2026-05-03,M25.50
CLM101803,PAT1809,PRV155,4073.67,2026-01-09,I10
CLM101804,PAT1737,PRV219,13388.27,2026-06-26,I10
CLM101805,PAT1498,PRV210,7180.31,2026-01-11,I10
CLM101806,PAT1663,PRV293,14264.97,2026-06-24,I10
CLM101807,PAT1302,PRV105,11146.83,2026-03-22,E11.9
CLM101808,PAT1968,PRV233,2040.87,2026-02-26,INVALID_CODE
CLM101809,PAT1516,PRV300,11977.75,2026-07-13,E11.9
CLM101810,PAT1931,PRV259,11820.02,2026-01-10,Z00.00
CLM101811,PAT1001,PRV180,14395.55,2026-05-18,Z00.00
CLM101812,PAT1489,PRV217,11842.63,2026-01-08,E11.9
CLM101813,PAT1694,PRV158,1475.4,2026-03-10,I10
CLM101814,PAT1249,PRV272,2792.0,2026-03-23,Z00.00
CLM101815,PAT1419,PRV150,11660.57,2026-04-20,E11.9
CLM101816,PAT1806,PRV197,13385.71,2026-05-13,E11.9
CLM101817,PAT1493,PRV214,8501.25,2026-05-03,Z00.00
CLM101818,PAT1921,PRV104,2732.83,2026-02-15,M25.50
CLM101819,PAT1867,PRV183,3411.3,2026-01-12,E11.9
CLM101820,PAT1626,PRV268,7864.08,2026-03-17,INVALID_CODE
CLM101821,PAT1136,PRV153,6400.41,2026-05-07,Z00.00
CLM101822,PAT1744,PRV196,12560.96,2026-04-18,Z00.00
CLM101823,PAT1793,PRV238,3072.32,2026-05-25,I10
CLM101824,PAT1183,PRV135,14490.82,2026-01-07,I10
CLM101825,PAT1014,PRV235,2991.03,2026-01-22,J45.909
CLM101826,PAT1171,PRV194,3491.69,2026-06-20,INVALID_CODE
CLM101827,PAT1634,PRV262,6348.92,2026-03-28,Z00.00
CLM101828,PAT1651,PRV261,14446.02,2026-03-10,E11.9
CLM101829,PAT1151,PRV270,1626.4,2026-05-23,M25.50
CLM101830,PAT1919,PRV179,10808.63,2026-02-19,M25.50
CLM101831,PAT1073,PRV194,9673.81,2026-07-09,M25.50
CLM101832,PAT1605,PRV146,14867.77,2026-01-12,E11.9
CLM101833,PAT1066,PRV300,11418.36,2026-06-07,I10
CLM101834,PAT1540,PRV258,6148.48,2026-05-01,Z00.00
CLM101835,PAT1516,PRV160,8471.39,2026-03-26,E11.9
CLM101836,PAT1728,PRV126,3195.29,2026-01-19,INVALID_CODE
CLM101837,PAT1016,PRV286,4125.86,2026-03-06,I10
CLM101838,PAT1904,PRV270,4940.47,2026-05-24,Z00.00
CLM101839,PAT1511,PRV153,10728.48,2026-06-24,J45.909
CLM101840,PAT1924,PRV172,11500.14,2026-05-18,J45.909
CLM101841,PAT1403,PRV118,2571.57,2026-07-14,I10
CLM101842,PAT1069,PRV142,12530.42,2026-01-20,E11.9
CLM101843,PAT1304,PRV225,11728.36,2026-07-14,I10
CLM101844,PAT1590,PRV180,4071.75,2026-03-16,M25.50
CLM101845,PAT1579,PRV147,1831.14,2026-03-30,M25.50
CLM101846,PAT1034,PRV232,3720.75,2026-04-05,J45.909
CLM101847,PAT1928,PRV263,7899.15,2026-05-11,I10
CLM101848,PAT1618,PRV216,10861.94,2026-06-24,M25.50
CLM101849,PAT1923,PRV150,3662.69,2026-02-04,Z00.00
CLM101850,PAT1442,PRV224,9737.48,2026-03-22,M25.50
CLM101851,PAT1745,PRV179,5220.95,2026-03-20,E11.9
CLM101852,PAT1501,PRV137,7956.33,2026-05-10,E11.9
CLM101853,PAT1447,PRV204,1527.43,2026-02-28,E11.9
CLM101854,PAT1506,PRV125,3018.6,2026-02-13,INVALID_CODE
CLM101855,PAT1052,PRV203,5451.01,2026-01-23,I10
CLM101856,PAT1906,PRV219,9329.84,2026-04-09,INVALID_CODE
CLM101857,PAT1047,PRV110,12737.88,2026-04-14,J45.909
CLM101858,PAT1967,PRV270,9958.33,2026-02-28,J45.909
CLM101859,PAT1335,PRV134,2134.57,2026-07-01,J45.909
CLM101860,PAT1125,PRV239,2362.2,2026-02-20,INVALID_CODE
CLM101861,PAT1108,PRV109,2301.3,2026-02-28,Z00.00
CLM101862,PAT1439,PRV159,14660.36,2026-04-08,E11.9
CLM101863,PAT1910,PRV177,5837.3,2026-05-06,I10
CLM101864,PAT1622,PRV117,4608.36,2026-04-07,J45.909
CLM101865,PAT1727,PRV240,14155.25,2026-02-05,J45.909
CLM101866,PAT1467,PRV273,6962.57,2026-06-19,E11.9
CLM101867,PAT1507,PRV113,8909.03,2026-05-10,Z00.00
CLM101868,PAT1838,PRV123,10927.14,2026-05-11,INVALID_CODE
CLM101869,PAT1081,PRV170,9648.65,2026-07-11,I10
CLM101870,PAT1273,PRV169,7369.98,2026-01-15,M25.50
CLM101871,PAT1922,PRV158,13708.9,2026-06-13,M25.50
CLM101872,PAT1238,PRV173,10753.62,2026-07-09,E11.9
CLM101873,PAT1997,PRV217,13553.49,2026-01-19,E11.9
CLM101874,PAT1736,PRV196,1935.39,2026-04-30,Z00.00
CLM101875,PAT1504,PRV136,10068.67,2026-06-25,INVALID_CODE
CLM101876,PAT1720,PRV280,4482.67,2026-02-26,Z00.00
CLM101877,PAT1436,PRV296,12688.4,2026-04-23,Z00.00
CLM101878,PAT1379,PRV239,7972.19,2026-06-08,I10
CLM101879,PAT1239,PRV282,6128.7,2026-03-23,J45.909
CLM101880,PAT1124,PRV235,11727.98,2026-04-29,I10
CLM101881,PAT1802,PRV126,546.96,2026-06-10,INVALID_CODE
CLM101882,PAT1239,PRV209,3505.52,2026-04-24,J45.909
CLM101883,PAT1784,PRV217,4131.78,2026-01-08,INVALID_CODE
CLM101884,PAT1648,PRV244,14858.64,2026-01-06,M25.50
CLM101885,PAT1693,PRV182,568.82,2026-05-10,I10
CLM101886,PAT1323,PRV272,591.54,2026-04-28,I10
CLM101887,PAT1857,PRV264,2917.53,2026-03-14,E11.9
CLM101888,PAT1733,PRV249,10645.92,2026-05-07,Z00.00
CLM101889,PAT1385,PRV125,14284.76,2026-06-28,M25.50
CLM101890,PAT1701,PRV213,10248.79,2026-06-19,J45.909
CLM101891,PAT1208,PRV176,3722.35,2026-03-20,INVALID_CODE
CLM101892,PAT1903,PRV199,10411.01,2026-06-17,E11.9
CLM101893,PAT1969,PRV256,14396.17,2026-04-10,I10
CLM101894,PAT1301,PRV263,1705.97,2026-07-20,Z00.00
CLM101895,PAT1628,PRV157,13078.29,2026-07-14,M25.50
CLM101896,PAT1905,PRV218,7315.44,2026-06-02,INVALID_CODE
CLM101897,PAT1537,PRV137,14105.44,2026-04-08,E11.9
CLM101898,PAT1542,PRV145,10427.87,2026-04-11,I10
CLM101899,PAT1253,PRV235,3937.93,2026-01-29,INVALID_CODE
CLM101900,PAT1630,PRV135,13662.59,2026-06-18,I10
CLM101901,PAT1641,PRV270,7939.22,2026-05-19,INVALID_CODE
CLM101902,PAT1861,PRV190,2421.97,2026-06-28,Z00.00
CLM101903,PAT1825,PRV220,10029.43,2026-06-02,I10
CLM101904,PAT1863,PRV198,13921.35,2026-04-04,Z00.00
CLM101905,PAT1526,PRV275,4417.2,2026-05-24,M25.50
CLM101906,PAT1789,PRV159,11108.14,2026-07-13,M25.50
CLM101907,PAT1315,PRV228,3359.15,2026-03-05,M25.50
CLM101908,PAT1332,PRV242,12444.38,2026-02-22,Z00.00
CLM101909,PAT1413,PRV275,11282.3,2026-02-13,I10
CLM101910,PAT1202,PRV230,11207.1,2026-07-12,I10
CLM101911,PAT1204,PRV239,1045.03,2026-04-22,M25.50
CLM101912,PAT1949,PRV110,12162.94,2026-03-21,J45.909
CLM101913,PAT1672,PRV127,12729.57,2026-05-02,E11.9
CLM101914,PAT1507,PRV145,14030.14,2026-01-23,M25.50
CLM101915,PAT1890,PRV286,9348.79,2026-02-02,M25.50
CLM101916,PAT1312,PRV210,6330.16,2026-05-20,INVALID_CODE
CLM101917,PAT1891,PRV248,2294.76,2026-07-18,M25.50
CLM101918,PAT1739,PRV100,14572.04,2026-05-04,I10
CLM101919,PAT1677,PRV156,5694.96,2026-07-19,J45.909
CLM101920,PAT1260,PRV172,8819.85,2026-05-07,J45.909
CLM101921,PAT1707,PRV289,9878.9,2026-02-16,I10
CLM101922,PAT1768,PRV198,9358.88,2026-01-20,J45.909
CLM101923,PAT1325,PRV149,172.14,2026-05-08,INVALID_CODE
CLM101924,PAT1821,PRV167,1633.14,2026-04-21,E11.9
CLM101925,PAT1292,PRV259,3595.61,2026-05-01,J45.909
CLM101926,PAT1258,PRV229,12286.55,2026-04-15,Z00.00
CLM101927,PAT1672,PRV179,9115.38,2026-04-20,J45.909
CLM101928,PAT1327,PRV255,6420.28,2026-01-07,J45.909
CLM101929,PAT1203,PRV174,4231.12,2026-01-09,I10
CLM101930,PAT1097,PRV177,5138.9,2026-04-17,E11.9
CLM101931,PAT1038,PRV186,14676.34,2026-05-26,J45.909
CLM101932,PAT1062,PRV226,2461.39,2026-01-25,Z00.00
CLM101933,PAT1024,PRV128,5591.29,2026-05-16,Z00.00
CLM101934,PAT1502,PRV206,14959.57,2026-06-03,M25.50
CLM101935,PAT1021,PRV131,3443.54,2026-06-04,J45.909
CLM101936,PAT1625,PRV109,1594.51,2026-05-20,J45.909
CLM101937,PAT1320,PRV193,14813.7,2026-05-03,J45.909
CLM101938,PAT1636,PRV263,12471.31,2026-04-16,J45.909
CLM101939,PAT1974,PRV175,4778.37,2026-02-25,E11.9
CLM101940,PAT1783,PRV229,13682.31,2026-04-19,I10
CLM101941,PAT1291,PRV113,10834.21,2026-05-12,M25.50
CLM101942,PAT1167,PRV221,13780.03,2026-03-08,J45.909
CLM101943,PAT1426,PRV244,5150.44,2026-06-02,M25.50
CLM101944,PAT1062,PRV200,365.17,2026-01-09,Z00.00
CLM101945,PAT1530,PRV272,13837.09,2026-01-14,J45.909
CLM101946,PAT1841,PRV145,4913.35,2026-03-12,E11.9
CLM101947,PAT1804,PRV223,7957.95,2026-01-11,E11.9
CLM101948,PAT1457,PRV112,498.05,2026-07-20,M25.50
CLM101949,PAT1689,PRV124,4470.89,2026-01-04,I10
CLM101950,PAT1424,PRV259,13480.86,2026-03-21,J45.909
CLM101951,PAT1351,PRV182,5047.5,2026-04-29,INVALID_CODE
CLM101952,PAT1386,PRV210,13248.32,2026-06-08,INVALID_CODE
CLM101953,PAT1958,PRV133,10269.3,2026-02-12,J45.909
CLM101954,PAT1715,PRV269,14773.03,2026-07-02,I10
CLM101955,PAT1581,PRV140,9445.39,2026-04-09,Z00.00
CLM101956,PAT1526,PRV289,3064.77,2026-05-05,E11.9
CLM101957,PAT1976,PRV167,5614.03,2026-05-17,INVALID_CODE
CLM101958,PAT1293,PRV102,2804.41,2026-04-30,INVALID_CODE
CLM101959,PAT1854,PRV170,14589.36,2026-05-27,J45.909
CLM101960,PAT1035,PRV112,7238.06,2026-06-12,J45.909
CLM101961,PAT1867,PRV181,4807.22,2026-04-04,E11.9
CLM101962,PAT1203,PRV118,11065.57,2026-03-19,J45.909
CLM101963,PAT1372,PRV227,2050.45,2026-01-20,E11.9
CLM101964,PAT1172,PRV293,5009.62,2026-04-30,Z00.00
CLM101965,PAT1778,PRV146,13246.99,2026-01-13,M25.50
CLM101966,PAT1683,PRV292,2420.84,2026-07-06,M25.50
CLM101967,PAT1073,PRV274,7171.23,2026-03-06,Z00.00
CLM101968,PAT1467,PRV224,14702.41,2026-02-04,Z00.00
CLM101969,PAT1465,PRV255,340.12,2026-01-15,INVALID_CODE
CLM101970,PAT1948,PRV265,1672.48,2026-05-22,J45.909
CLM101971,PAT1465,PRV189,14804.25,2026-01-04,INVALID_CODE
CLM101972,PAT1862,PRV145,8453.08,2026-03-06,I10
CLM101973,PAT1391,PRV246,11236.59,2026-07-20,Z00.00
CLM101974,PAT1769,PRV119,10256.95,2026-05-16,I10
CLM101975,PAT1885,PRV110,13537.74,2026-06-01,E11.9
CLM101976,PAT1138,PRV297,1890.57,2026-02-10,I10
CLM101977,PAT1543,PRV158,14118.37,2026-05-01,E11.9
CLM101978,PAT1255,PRV114,2531.39,2026-05-25,M25.50
CLM101979,PAT1241,PRV208,8291.45,2026-03-17,INVALID_CODE
CLM101980,PAT1902,PRV167,10170.3,2026-06-03,INVALID_CODE
CLM101981,PAT1655,PRV134,4949.98,2026-03-28,M25.50
CLM101982,PAT1817,PRV149,4393.29,2026-02-18,INVALID_CODE
CLM101983,PAT1637,PRV151,4484.51,2026-04-22,J45.909
CLM101984,PAT1249,PRV112,1944.94,2026-05-21,J45.909
CLM101985,PAT1678,PRV233,3013.45,2026-06-09,E11.9
CLM101986,PAT1046,PRV126,5074.6,2026-07-14,J45.909
CLM101987,PAT1607,PRV289,6019.98,2026-04-21,E11.9
CLM101988,PAT1252,PRV117,8150.64,2026-01-19,M25.50
CLM101989,PAT1581,PRV289,2580.42,2026-02-19,J45.909
CLM101990,PAT1459,PRV106,7436.01,2026-03-21,INVALID_CODE
CLM101991,PAT1434,PRV268,8342.3,2026-03-09,Z00.00
CLM101992,PAT1879,PRV286,9042.04,2026-04-02,INVALID_CODE
CLM101993,PAT1230,PRV264,6675.12,2026-03-19,I10
CLM101994,PAT1341,PRV248,7999.56,2026-05-06,I10
CLM101995,PAT1864,PRV174,8321.71,2026-04-22,I10
CLM101996,PAT2000,PRV124,8333.49,2026-03-05,INVALID_CODE
CLM101997,PAT1321,PRV297,9112.17,2026-01-20,I10
CLM101998,PAT1008,PRV275,2461.4,2026-06-26,I10
CLM101999,PAT1809,PRV192,10819.47,2026-02-22,Z00.00
CLM102000,PAT1948,PRV262,1989.15,2026-06-16,M25.50
CLM102001,PAT1507,PRV187,172.43,2026-03-27,M25.50
CLM102002,PAT1194,PRV289,1199.2,2026-06-02,INVALID_CODE
CLM102003,PAT1101,PRV246,5560.01,2026-03-13,INVALID_CODE
CLM102004,PAT1431,PRV230,11662.08,2026-03-10,Z00.00
CLM102005,PAT1315,PRV205,2981.53,2026-04-13,M25.50
CLM102006,PAT1190,PRV126,2199.5,2026-01-06,INVALID_CODE
CLM102007,PAT1670,PRV194,13529.35,2026-03-07,INVALID_CODE
CLM102008,PAT1201,PRV177,2604.9,2026-01-19,INVALID_CODE
CLM102009,PAT1184,PRV196,1504.77,2026-03-09,J45.909
CLM102010,PAT1696,PRV123,2924.34,2026-05-11,I10
CLM102011,PAT1442,PRV165,7362.13,2026-01-13,INVALID_CODE
CLM102012,PAT1725,PRV241,2904.96,2026-03-25,E11.9
CLM102013,PAT1920,PRV288,14614.59,2026-04-10,E11.9
CLM102014,PAT1018,PRV187,12768.04,2026-05-20,M25.50
CLM102015,PAT1571,PRV193,3737.57,2026-01-03,Z00.00
CLM102016,PAT1491,PRV257,6435.73,2026-01-26,J45.909
CLM102017,PAT1904,PRV134,2646.35,2026-02-22,J45.909
CLM102018,PAT1333,PRV148,9002.85,2026-06-02,I10
CLM102019,PAT1317,PRV104,2643.45,2026-07-02,I10
CLM102020,PAT1077,PRV176,4017.55,2026-06-12,M25.50
CLM102021,PAT1410,PRV279,4885.29,2026-01-13,J45.909
CLM102022,PAT1093,PRV291,468.24,2026-04-19,I10
CLM102023,PAT1101,PRV107,5522.89,2026-06-19,J45.909
CLM102024,PAT1351,PRV192,6065.73,2026-06-19,Z00.00
CLM102025,PAT1756,PRV233,9431.87,2026-01-31,M25.50
CLM102026,PAT1387,PRV176,13353.88,2026-06-10,I10
CLM102027,PAT1267,PRV138,7655.48,2026-05-06,INVALID_CODE
CLM102028,PAT1377,PRV100,5820.88,2026-04-16,J45.909
CLM102029,PAT1330,PRV154,8358.52,2026-02-02,INVALID_CODE
CLM102030,PAT1413,PRV184,2087.97,2026-03-07,M25.50
CLM102031,PAT1441,PRV167,1096.08,2026-05-09,INVALID_CODE
CLM102032,PAT1540,PRV111,5204.93,2026-07-16,I10
CLM102033,PAT1142,PRV227,8764.93,2026-06-28,E11.9
CLM102034,PAT1890,PRV123,10156.35,2026-01-07,Z00.00
CLM102035,PAT1182,PRV100,826.14,2026-01-03,J45.909
CLM102036,PAT1008,PRV214,8849.53,2026-03-23,Z00.00
CLM102037,PAT1342,PRV242,7109.19,2026-03-14,J45.909
CLM102038,PAT1950,PRV126,13552.72,2026-05-08,I10
CLM102039,PAT1436,PRV280,2431.21,2026-06-16,Z00.00
CLM102040,PAT1512,PRV218,5823.09,2026-02-20,I10
CLM102041,PAT1353,PRV143,12486.78,2026-07-03,I10
CLM102042,PAT1855,PRV242,9415.76,2026-07-19,INVALID_CODE
CLM102043,PAT1550,PRV261,7065.29,2026-06-30,INVALID_CODE
CLM102044,PAT1482,PRV249,5285.29,2026-03-20,INVALID_CODE
CLM102045,PAT1641,PRV212,2585.76,2026-05-24,I10
CLM102046,PAT1535,PRV141,4374.66,2026-04-23,M25.50
CLM102047,PAT1554,PRV186,1378.29,2026-05-11,I10
CLM102048,PAT1242,PRV282,2677.99,2026-07-05,E11.9
CLM102049,PAT1232,PRV128,13408.12,2026-04-07,M25.50
CLM102050,PAT1706,PRV226,4907.81,2026-05-31,E11.9
CLM102051,PAT1502,PRV115,14611.72,2026-04-09,E11.9
CLM102052,PAT1619,PRV132,10794.24,2026-02-04,M25.50
CLM102053,PAT1102,PRV169,2356.07,2026-04-27,J45.909
CLM102054,PAT1867,PRV162,9520.21,2026-06-27,E11.9
CLM102055,PAT1553,PRV143,8116.83,2026-05-13,E11.9
CLM102056,PAT1906,PRV258,6421.13,2026-03-25,I10
CLM102057,PAT1662,PRV295,13486.62,2026-06-11,E11.9
CLM102058,PAT1081,PRV248,12989.51,2026-01-19,INVALID_CODE
CLM102059,PAT1775,PRV121,1348.76,2026-05-15,E11.9
CLM102060,PAT1834,PRV247,198.74,2026-02-16,J45.909
CLM102061,PAT1636,PRV203,10830.62,2026-03-24,E11.9
CLM102062,PAT1894,PRV280,5638.21,2026-03-11,E11.9
CLM102063,PAT1993,PRV215,6643.43,2026-05-13,INVALID_CODE
CLM102064,PAT1892,PRV250,9765.19,2026-06-16,Z00.00
CLM102065,PAT1950,PRV158,10273.6,2026-01-11,I10
CLM102066,PAT1541,PRV100,7774.1,2026-05-02,Z00.00
CLM102067,PAT1929,PRV191,8620.64,2026-05-15,J45.909
CLM102068,PAT1190,PRV186,3905.17,2026-05-17,INVALID_CODE
CLM102069,PAT1050,PRV289,6603.87,2026-04-18,Z00.00
CLM102070,PAT1987,PRV299,1578.7,2026-02-12,E11.9
CLM102071,PAT1966,PRV245,7458.34,2026-02-10,J45.909
CLM102072,PAT1915,PRV112,11195.56,2026-04-14,E11.9
CLM102073,PAT1884,PRV204,11096.54,2026-06-15,Z00.00
CLM102074,PAT1758,PRV294,6287.19,2026-05-02,E11.9
CLM102075,PAT1648,PRV137,7982.34,2026-01-02,Z00.00
CLM102076,PAT1086,PRV228,10188.62,2026-03-12,E11.9
CLM102077,PAT1957,PRV285,6857.9,2026-02-03,E11.9
CLM102078,PAT1154,PRV174,6238.03,2026-05-13,Z00.00
CLM102079,PAT1434,PRV169,3760.03,2026-03-05,E11.9
CLM102080,PAT1267,PRV275,14504.48,2026-04-10,E11.9
CLM102081,PAT1151,PRV105,6273.67,2026-03-04,INVALID_CODE
CLM102082,PAT1193,PRV193,14236.35,2026-04-29,E11.9
CLM102083,PAT1847,PRV240,8210.82,2026-04-18,M25.50
CLM102084,PAT1533,PRV167,5013.66,2026-04-26,INVALID_CODE
CLM102085,PAT1391,PRV168,7916.61,2026-03-16,E11.9
CLM102086,PAT1818,PRV237,8742.77,2026-04-15,M25.50
CLM102087,PAT1296,PRV118,10845.61,2026-01-10,INVALID_CODE
CLM102088,PAT1990,PRV245,12861.15,2026-04-16,M25.50
CLM102089,PAT1327,PRV121,5548.88,2026-01-17,M25.50
CLM102090,PAT1699,PRV294,1764.2,2026-06-09,INVALID_CODE
CLM102091,PAT1990,PRV198,2803.62,2026-02-17,I10
CLM102092,PAT1698,PRV122,3726.6,2026-02-28,M25.50
CLM102093,PAT1039,PRV256,11175.07,2026-05-29,J45.909
CLM102094,PAT1984,PRV180,9220.06,2026-01-23,M25.50
CLM102095,PAT1676,PRV182,12235.71,2026-06-14,Z00.00
CLM102096,PAT1228,PRV291,4939.85,2026-02-25,M25.50
CLM102097,PAT1073,PRV254,991.1,2026-06-21,J45.909
CLM102098,PAT1029,PRV179,293.11,2026-04-08,E11.9
CLM102099,PAT1435,PRV167,8728.1,2026-01-30,I10
CLM102100,PAT1506,PRV187,10058.38,2026-03-19,Z00.00
CLM102101,PAT1716,PRV165,3139.96,2026-03-18,INVALID_CODE
CLM102102,PAT1661,PRV230,169.1,2026-03-02,M25.50
CLM102103,PAT1606,PRV194,10700.77,2026-06-26,E11.9
CLM102104,PAT1685,PRV156,13894.72,2026-06-10,INVALID_CODE
CLM102105,PAT1702,PRV172,2862.27,2026-04-15,J45.909
CLM102106,PAT1801,PRV119,453.64,2026-04-22,E11.9
CLM102107,PAT1828,PRV197,14295.45,2026-02-02,J45.909
CLM102108,PAT1921,PRV233,5369.95,2026-03-10,Z00.00
CLM102109,PAT1313,PRV171,4239.58,2026-01-29,E11.9
CLM102110,PAT1949,PRV106,11651.85,2026-05-14,E11.9
CLM102111,PAT1794,PRV230,538.12,2026-02-10,Z00.00
CLM102112,PAT1724,PRV234,12395.43,2026-04-18,INVALID_CODE
CLM102113,PAT1398,PRV257,14496.55,2026-02-21,Z00.00
CLM102114,PAT1170,PRV157,14020.94,2026-01-18,M25.50
CLM102115,PAT1139,PRV158,5296.65,2026-04-25,I10
CLM102116,PAT1824,PRV296,8556.87,2026-04-06,Z00.00
CLM102117,PAT1340,PRV187,1834.05,2026-01-24,E11.9
CLM102118,PAT1238,PRV255,9642.28,2026-06-08,M25.50
CLM102119,PAT1788,PRV252,528.42,2026-02-18,E11.9
CLM102120,PAT1281,PRV260,10770.66,2026-06-25,M25.50
CLM102121,PAT1275,PRV114,3393.22,2026-01-25,INVALID_CODE
CLM102122,PAT1255,PRV112,2131.86,2026-01-09,INVALID_CODE
CLM102123,PAT1519,PRV227,9451.48,2026-05-24,I10
CLM102124,PAT1747,PRV250,2989.78,2026-07-16,J45.909
CLM102125,PAT1613,PRV116,12359.13,2026-04-03,J45.909
CLM102126,PAT1384,PRV243,12187.53,2026-07-11,J45.909
CLM102127,PAT1445,PRV276,4618.53,2026-05-07,INVALID_CODE
CLM102128,PAT1982,PRV194,9512.75,2026-01-03,INVALID_CODE
CLM102129,PAT1000,PRV226,5394.84,2026-05-18,E11.9
CLM102130,PAT1295,PRV165,12690.63,2026-01-30,M25.50
CLM102131,PAT1578,PRV127,12861.45,2026-04-08,INVALID_CODE
CLM102132,PAT1845,PRV107,10752.83,2026-06-18,E11.9
CLM102133,PAT1320,PRV208,4915.28,2026-01-23,I10
CLM102134,PAT1973,PRV237,14292.47,2026-07-04,M25.50
CLM102135,PAT1758,PRV235,8101.89,2026-07-11,J45.909
CLM102136,PAT1390,PRV156,2516.62,2026-07-14,I10
CLM102137,PAT1002,PRV231,3680.41,2026-02-01,J45.909
CLM102138,PAT1687,PRV170,3136.45,2026-05-03,INVALID_CODE
CLM102139,PAT1030,PRV231,9575.12,2026-05-26,INVALID_CODE
CLM102140,PAT1337,PRV120,13317.98,2026-07-20,Z00.00
CLM102141,PAT1264,PRV144,14043.68,2026-06-27,M25.50
CLM102142,PAT1876,PRV244,2388.42,2026-01-18,M25.50
CLM102143,PAT1796,PRV169,11631.86,2026-03-19,E11.9
CLM102144,PAT1305,PRV185,2614.87,2026-03-20,E11.9
CLM102145,PAT1324,PRV259,1212.64,2026-03-13,E11.9
CLM102146,PAT1404,PRV114,14571.05,2026-02-26,Z00.00
CLM102147,PAT1190,PRV238,11300.61,2026-04-07,E11.9
CLM102148,PAT1946,PRV177,9023.22,2026-01-06,INVALID_CODE
CLM102149,PAT1472,PRV121,735.3,2026-02-14,INVALID_CODE
CLM102150,PAT1243,PRV280,8176.09,2026-03-19,E11.9
CLM102151,PAT1473,PRV168,3858.19,2026-01-11,INVALID_CODE
CLM102152,PAT1432,PRV149,808.37,2026-03-10,J45.909
CLM102153,PAT1643,PRV175,3089.36,2026-01-17,J45.909
CLM102154,PAT1976,PRV136,6420.21,2026-04-21,I10
CLM102155,PAT1250,PRV296,13858.08,2026-04-12,E11.9
CLM102156,PAT1230,PRV237,1139.61,2026-04-04,J45.909
CLM102157,PAT1398,PRV239,2288.28,2026-03-24,I10
CLM102158,PAT1386,PRV163,13246.17,2026-04-26,M25.50
CLM102159,PAT1016,PRV242,1635.36,2026-02-13,E11.9
CLM102160,PAT1319,PRV293,6068.25,2026-03-12,E11.9
CLM102161,PAT1799,PRV165,5122.14,2026-03-08,Z00.00
CLM102162,PAT1167,PRV125,10439.41,2026-07-16,INVALID_CODE
CLM102163,PAT1832,PRV231,11671.49,2026-02-03,Z00.00
CLM102164,PAT1205,PRV255,1311.18,2026-07-13,I10
CLM102165,PAT1139,PRV299,752.61,2026-06-11,INVALID_CODE
CLM102166,PAT1595,PRV256,5421.23,2026-01-14,INVALID_CODE
CLM102167,PAT1066,PRV290,8165.38,2026-01-10,M25.50
CLM102168,PAT1223,PRV183,1100.0,2026-03-23,INVALID_CODE
CLM102169,PAT1901,PRV222,5238.78,2026-05-18,E11.9
CLM102170,PAT1380,PRV272,13592.46,2026-05-20,Z00.00
CLM102171,PAT1050,PRV201,14954.73,2026-01-02,E11.9
CLM102172,PAT1287,PRV266,8756.87,2026-04-02,M25.50
CLM102173,PAT1468,PRV117,6017.2,2026-01-23,I10
CLM102174,PAT1278,PRV282,1460.81,2026-03-29,M25.50
CLM102175,PAT1358,PRV294,10257.72,2026-02-08,M25.50
CLM102176,PAT1430,PRV233,2823.71,2026-04-24,J45.909
CLM102177,PAT1234,PRV265,11871.12,2026-04-06,INVALID_CODE
CLM102178,PAT1704,PRV215,10242.78,2026-01-30,M25.50
CLM102179,PAT1359,PRV152,4605.79,2026-04-05,M25.50
CLM102180,PAT1463,PRV265,12887.05,2026-05-31,E11.9
CLM102181,PAT1177,PRV293,6033.65,2026-04-17,E11.9
CLM102182,PAT1468,PRV285,643.19,2026-02-26,INVALID_CODE
CLM102183,PAT1430,PRV201,6012.82,2026-01-22,I10
CLM102184,PAT1792,PRV233,4587.38,2026-02-24,INVALID_CODE
CLM102185,PAT1942,PRV115,2097.93,2026-05-19,J45.909
CLM102186,PAT1647,PRV184,9209.9,2026-05-15,I10
CLM102187,PAT1965,PRV258,3453.83,2026-04-07,Z00.00
CLM102188,PAT1875,PRV203,12726.03,2026-05-02,E11.9
CLM102189,PAT1279,PRV282,7992.03,2026-02-03,INVALID_CODE
CLM102190,PAT1772,PRV102,11624.51,2026-03-06,M25.50
CLM102191,PAT1600,PRV119,4113.33,2026-01-21,M25.50
CLM102192,PAT1652,PRV252,1378.18,2026-06-04,M25.50
CLM102193,PAT1388,PRV138,12283.49,2026-01-07,M25.50
CLM102194,PAT1660,PRV280,9386.89,2026-01-31,J45.909
CLM102195,PAT1813,PRV135,12300.65,2026-05-30,I10
CLM102196,PAT1882,PRV217,5134.83,2026-02-09,INVALID_CODE
CLM102197,PAT1792,PRV231,7850.13,2026-01-25,E11.9
CLM102198,PAT1530,PRV159,1808.44,2026-05-17,J45.909
CLM102199,PAT1372,PRV143,9386.43,2026-06-20,I10
CLM102200,PAT1299,PRV138,1739.28,2026-01-01,J45.909
CLM102201,PAT1732,PRV292,6562.74,2026-03-16,E11.9
CLM102202,PAT1065,PRV286,4252.28,2026-02-22,INVALID_CODE
CLM102203,PAT1042,PRV106,11061.98,2026-05-19,Z00.00
CLM102204,PAT1928,PRV154,2386.82,2026-07-05,J45.909
CLM102205,PAT1763,PRV170,1219.34,2026-05-05,I10
CLM102206,PAT1896,PRV264,11074.63,2026-05-23,M25.50
CLM102207,PAT1389,PRV283,5316.14,2026-03-19,INVALID_CODE
CLM102208,PAT1474,PRV176,11296.19,2026-06-01,INVALID_CODE
CLM102209,PAT1369,PRV151,1172.51,2026-07-01,INVALID_CODE
CLM102210,PAT1802,PRV286,11193.44,2026-07-19,INVALID_CODE
CLM102211,PAT1873,PRV240,14622.76,2026-01-19,INVALID_CODE
CLM102212,PAT1090,PRV119,10862.82,2026-05-11,E11.9
CLM102213,PAT1680,PRV138,7090.38,2026-01-05,INVALID_CODE
CLM102214,PAT1444,PRV230,11842.27,2026-01-24,I10
CLM102215,PAT1298,PRV291,9284.09,2026-02-12,Z00.00
CLM102216,PAT1111,PRV256,1940.14,2026-01-17,M25.50
CLM102217,PAT1111,PRV249,9374.71,2026-02-13,E11.9
CLM102218,PAT1674,PRV269,9670.09,2026-05-15,Z00.00
CLM102219,PAT1103,PRV277,7106.13,2026-07-08,E11.9
CLM102220,PAT1886,PRV123,11558.19,2026-02-20,J45.909
CLM102221,PAT1217,PRV104,6045.17,2026-03-07,I10
CLM102222,PAT1869,PRV274,1498.81,2026-04-16,Z00.00
CLM102223,PAT1313,PRV238,611.99,2026-03-23,J45.909
CLM102224,PAT1223,PRV170,6820.19,2026-01-06,E11.9
CLM102225,PAT1173,PRV222,11574.04,2026-06-15,E11.9
CLM102226,PAT1666,PRV248,12129.54,2026-04-11,Z00.00
CLM102227,PAT1637,PRV235,10167.03,2026-07-18,INVALID_CODE
CLM102228,PAT1126,PRV208,14863.35,2026-06-26,I10
CLM102229,PAT1783,PRV240,4481.41,2026-06-24,I10
CLM102230,PAT1634,PRV167,6796.14,2026-06-01,INVALID_CODE
CLM102231,PAT1373,PRV278,4486.95,2026-02-14,M25.50
CLM102232,PAT1492,PRV200,2462.23,2026-02-21,INVALID_CODE
CLM102233,PAT1421,PRV283,1604.09,2026-03-28,E11.9
CLM102234,PAT1994,PRV140,14711.63,2026-02-21,I10
CLM102235,PAT1995,PRV154,9378.77,2026-03-16,Z00.00
CLM102236,PAT1289,PRV191,3965.39,2026-06-30,I10
CLM102237,PAT1558,PRV127,11244.4,2026-06-01,E11.9
CLM102238,PAT1402,PRV290,12612.31,2026-07-10,INVALID_CODE
CLM102239,PAT1932,PRV185,8982.96,2026-07-04,M25.50
CLM102240,PAT1163,PRV139,850.23,2026-07-02,INVALID_CODE
CLM102241,PAT1886,PRV185,6794.38,2026-07-05,Z00.00
CLM102242,PAT1247,PRV174,10191.91,2026-06-11,J45.909
CLM102243,PAT1418,PRV281,13822.08,2026-06-26,M25.50
CLM102244,PAT1536,PRV136,12759.16,2026-04-21,J45.909
CLM102245,PAT1377,PRV114,5507.3,2026-02-07,INVALID_CODE
CLM102246,PAT1989,PRV208,11469.51,2026-01-28,I10
CLM102247,PAT1010,PRV219,1364.1,2026-04-23,J45.909
CLM102248,PAT1282,PRV241,5386.41,2026-03-14,INVALID_CODE
CLM102249,PAT1670,PRV136,6152.99,2026-01-19,M25.50
CLM102250,PAT1665,PRV214,11271.31,2026-01-30,INVALID_CODE
CLM102251,PAT1527,PRV275,513.0,2026-06-29,I10
CLM102252,PAT1936,PRV205,12842.29,2026-02-21,E11.9
CLM102253,PAT1178,PRV251,10654.96,2026-05-18,INVALID_CODE
CLM102254,PAT1537,PRV293,10536.19,2026-02-21,E11.9
CLM102255,PAT1532,PRV135,12484.15,2026-02-14,INVALID_CODE
CLM102256,PAT1911,PRV122,2772.19,2026-01-20,I10
CLM102257,PAT1467,PRV271,12520.62,2026-06-20,I10
CLM102258,PAT1586,PRV193,2147.56,2026-01-24,E11.9
CLM102259,PAT1967,PRV272,10142.29,2026-01-31,Z00.00
CLM102260,PAT1010,PRV270,335.57,2026-07-04,J45.909
CLM102261,PAT1153,PRV188,10704.51,2026-06-03,E11.9
CLM102262,PAT1601,PRV182,11624.26,2026-03-13,M25.50
CLM102263,PAT1999,PRV118,502.32,2026-05-03,E11.9
CLM102264,PAT1338,PRV260,14289.64,2026-06-25,Z00.00
CLM102265,PAT1288,PRV185,179.91,2026-06-09,J45.909
CLM102266,PAT1416,PRV186,7383.49,2026-05-23,INVALID_CODE
CLM102267,PAT1134,PRV196,13288.41,2026-03-25,I10
CLM102268,PAT1677,PRV284,555.15,2026-02-01,I10
CLM102269,PAT1872,PRV277,9367.28,2026-02-03,I10
CLM102270,PAT1316,PRV198,6989.99,2026-06-05,I10
CLM102271,PAT1863,PRV134,9099.35,2026-01-07,INVALID_CODE
CLM102272,PAT1494,PRV211,11321.59,2026-03-14,J45.909
CLM102273,PAT1130,PRV249,9216.15,2026-06-11,Z00.00
CLM102274,PAT1966,PRV180,812.63,2026-06-21,Z00.00
CLM102275,PAT1854,PRV291,11926.62,2026-01-06,J45.909
CLM102276,PAT1243,PRV270,7005.0,2026-05-26,I10
CLM102277,PAT1583,PRV235,10005.53,2026-02-06,INVALID_CODE
CLM102278,PAT1582,PRV230,14670.04,2026-01-12,INVALID_CODE
CLM102279,PAT1220,PRV271,9429.02,2026-03-10,Z00.00
CLM102280,PAT1664,PRV233,8327.06,2026-05-14,J45.909
CLM102281,PAT1069,PRV260,5567.82,2026-04-29,I10
CLM102282,PAT1223,PRV164,10811.46,2026-02-17,J45.909
CLM102283,PAT1130,PRV241,12350.18,2026-02-24,M25.50
CLM102284,PAT1369,PRV279,8952.76,2026-01-10,J45.909
CLM102285,PAT1470,PRV124,7371.56,2026-02-04,INVALID_CODE
CLM102286,PAT1753,PRV126,8758.99,2026-03-30,Z00.00
CLM102287,PAT1917,PRV175,7095.61,2026-04-20,Z00.00
CLM102288,PAT1596,PRV212,2745.87,2026-06-11,INVALID_CODE
CLM102289,PAT1958,PRV144,1770.34,2026-06-06,INVALID_CODE
CLM102290,PAT1011,PRV119,7765.22,2026-04-07,J45.909
CLM102291,PAT1098,PRV259,8878.17,2026-02-20,E11.9
CLM102292,PAT1008,PRV246,6579.26,2026-02-15,E11.9
CLM102293,PAT1902,PRV128,1969.22,2026-06-24,I10
CLM102294,PAT1461,PRV291,780.68,2026-07-18,E11.9
CLM102295,PAT1093,PRV185,2449.4,2026-07-14,M25.50
CLM102296,PAT1882,PRV211,11215.45,2026-02-28,INVALID_CODE
CLM102297,PAT1981,PRV228,4614.67,2026-03-15,Z00.00
CLM102298,PAT1657,PRV231,691.97,2026-02-10,J45.909
CLM102299,PAT1150,PRV290,3926.05,2026-05-27,Z00.00
CLM102300,PAT1424,PRV207,13655.38,2026-02-23,M25.50
CLM102301,PAT1121,PRV154,1699.71,2026-06-07,Z00.00
CLM102302,PAT1898,PRV117,6207.12,2026-05-30,Z00.00
CLM102303,PAT1235,PRV227,9927.44,2026-04-24,M25.50
CLM102304,PAT1525,PRV253,13029.43,2026-01-02,E11.9
CLM102305,PAT1845,PRV196,12984.57,2026-02-09,I10
CLM102306,PAT1110,PRV232,12956.1,2026-01-15,I10
CLM102307,PAT1617,PRV148,3857.08,2026-07-11,INVALID_CODE
CLM102308,PAT1063,PRV197,6220.16,2026-04-18,Z00.00
CLM102309,PAT1423,PRV108,14078.61,2026-04-23,E11.9
CLM102310,PAT1711,PRV134,972.8,2026-06-22,J45.909
CLM102311,PAT1330,PRV293,233.28,2026-01-23,Z00.00
CLM102312,PAT1061,PRV238,3567.15,2026-05-28,INVALID_CODE
CLM102313,PAT1409,PRV298,5518.87,2026-03-27,INVALID_CODE
CLM102314,PAT1499,PRV290,8120.71,2026-07-12,E11.9
CLM102315,PAT1796,PRV166,13542.9,2026-04-16,M25.50
CLM102316,PAT1156,PRV260,1462.11,2026-02-09,M25.50
CLM102317,PAT1894,PRV250,452.66,2026-07-05,INVALID_CODE
CLM102318,PAT1035,PRV101,5009.32,2026-01-16,E11.9
CLM102319,PAT1376,PRV137,1208.7,2026-04-09,I10
CLM102320,PAT1523,PRV266,3488.53,2026-04-08,I10
CLM102321,PAT1628,PRV146,8890.2,2026-01-17,J45.909
CLM102322,PAT1856,PRV120,8692.97,2026-05-30,J45.909
CLM102323,PAT1740,PRV232,320.1,2026-06-20,INVALID_CODE
CLM102324,PAT1820,PRV272,9764.89,2026-02-17,J45.909
CLM102325,PAT1225,PRV124,11885.82,2026-03-15,J45.909
CLM102326,PAT1378,PRV231,5466.37,2026-05-09,INVALID_CODE
CLM102327,PAT1426,PRV278,7285.81,2026-05-29,J45.909
CLM102328,PAT1656,PRV259,3007.61,2026-06-10,Z00.00
CLM102329,PAT1571,PRV136,8054.43,2026-04-28,M25.50
CLM102330,PAT1500,PRV113,12736.99,2026-05-19,INVALID_CODE
CLM102331,PAT1137,PRV103,1398.55,2026-04-19,J45.909
CLM102332,PAT1496,PRV252,9581.2,2026-06-28,I10
CLM102333,PAT1987,PRV286,13011.99,2026-04-05,M25.50
CLM102334,PAT1086,PRV127,1640.14,2026-01-20,Z00.00
CLM102335,PAT1698,PRV278,3634.66,2026-02-28,Z00.00
CLM102336,PAT1548,PRV166,3845.18,2026-03-17,J45.909
CLM102337,PAT1132,PRV226,10011.81,2026-01-11,I10
CLM102338,PAT1272,PRV163,6145.16,2026-03-22,Z00.00
CLM102339,PAT1606,PRV280,13031.89,2026-07-12,INVALID_CODE
CLM102340,PAT1328,PRV191,3580.94,2026-06-04,Z00.00
CLM102341,PAT1376,PRV219,12252.42,2026-04-17,M25.50
CLM102342,PAT1009,PRV100,13797.54,2026-06-18,Z00.00
CLM102343,PAT1264,PRV112,4154.93,2026-05-07,Z00.00
CLM102344,PAT1100,PRV295,4584.07,2026-05-30,J45.909
CLM102345,PAT1728,PRV217,8846.94,2026-03-07,M25.50
CLM102346,PAT1868,PRV278,12323.69,2026-02-03,I10
CLM102347,PAT1965,PRV237,9795.18,2026-05-11,INVALID_CODE
CLM102348,PAT1457,PRV129,14684.58,2026-05-13,INVALID_CODE
CLM102349,PAT1953,PRV297,12993.61,2026-04-29,Z00.00
CLM102350,PAT1741,PRV108,6520.96,2026-06-26,J45.909
CLM102351,PAT1242,PRV186,9093.58,2026-01-19,I10
CLM102352,PAT1932,PRV251,7781.25,2026-05-23,J45.909
CLM102353,PAT1348,PRV217,3199.04,2026-01-03,INVALID_CODE
CLM102354,PAT1338,PRV198,3840.47,2026-01-23,I10
CLM102355,PAT1168,PRV171,8103.1,2026-01-24,J45.909
CLM102356,PAT1073,PRV192,12839.84,2026-06-26,E11.9
CLM102357,PAT1427,PRV221,9159.64,2026-01-22,I10
CLM102358,PAT1883,PRV130,12685.3,2026-06-25,M25.50
CLM102359,PAT1959,PRV266,7405.34,2026-06-27,E11.9
CLM102360,PAT1497,PRV121,1155.85,2026-06-25,INVALID_CODE
CLM102361,PAT1813,PRV220,9125.12,2026-05-12,Z00.00
CLM102362,PAT1700,PRV195,7620.91,2026-04-24,J45.909
CLM102363,PAT1241,PRV149,9292.13,2026-04-06,Z00.00
CLM102364,PAT1728,PRV245,2692.53,2026-06-14,INVALID_CODE
CLM102365,PAT1757,PRV190,10558.11,2026-04-03,M25.50
CLM102366,PAT1600,PRV250,1559.0,2026-07-09,I10
CLM102367,PAT1803,PRV282,1126.74,2026-06-11,INVALID_CODE
CLM102368,PAT1219,PRV271,7569.1,2026-06-26,M25.50
CLM102369,PAT1740,PRV129,8573.36,2026-02-15,E11.9
CLM102370,PAT1385,PRV149,13239.26,2026-04-21,E11.9
CLM102371,PAT1447,PRV126,4534.91,2026-01-28,J45.909
CLM102372,PAT1610,PRV162,4455.72,2026-04-26,Z00.00
CLM102373,PAT1034,PRV215,1303.02,2026-03-22,Z00.00
CLM102374,PAT1432,PRV180,10031.11,2026-04-23,Z00.00
CLM102375,PAT1665,PRV115,5014.51,2026-02-17,E11.9
CLM102376,PAT1451,PRV139,13286.19,2026-05-15,INVALID_CODE
CLM102377,PAT1925,PRV160,11519.65,2026-04-05,INVALID_CODE
CLM102378,PAT1510,PRV167,12332.88,2026-07-15,E11.9
CLM102379,PAT1035,PRV112,11331.32,2026-03-09,J45.909
CLM102380,PAT1105,PRV281,4387.55,2026-06-20,I10
CLM102381,PAT1623,PRV281,12201.69,2026-06-09,Z00.00
CLM102382,PAT1402,PRV239,1953.76,2026-03-19,J45.909
CLM102383,PAT1907,PRV187,7521.76,2026-03-29,J45.909
CLM102384,PAT1429,PRV237,7235.04,2026-01-30,Z00.00
CLM102385,PAT1320,PRV251,11726.31,2026-04-22,J45.909
CLM102386,PAT1399,PRV192,7238.07,2026-06-25,INVALID_CODE
CLM102387,PAT1457,PRV292,1820.31,2026-05-13,I10
CLM102388,PAT1276,PRV101,12506.22,2026-02-07,E11.9
CLM102389,PAT1766,PRV196,13105.94,2026-06-01,Z00.00
CLM102390,PAT1269,PRV156,1660.81,2026-01-23,M25.50
CLM102391,PAT1187,PRV120,13595.27,2026-03-01,E11.9
CLM102392,PAT1785,PRV259,14166.25,2026-02-18,INVALID_CODE
CLM102393,PAT1365,PRV229,7639.88,2026-06-01,I10
CLM102394,PAT1308,PRV270,7055.51,2026-01-09,I10
CLM102395,PAT1434,PRV153,698.18,2026-03-03,INVALID_CODE
CLM102396,PAT1874,PRV214,3099.12,2026-03-02,M25.50
CLM102397,PAT1528,PRV174,4078.94,2026-01-13,M25.50
CLM102398,PAT1482,PRV178,861.53,2026-01-13,INVALID_CODE
CLM102399,PAT1720,PRV196,358.45,2026-01-09,Z00.00
CLM102400,PAT1122,PRV114,6312.15,2026-06-13,I10
CLM102401,PAT1860,PRV167,1134.86,2026-07-05,Z00.00
CLM102402,PAT1247,PRV138,6477.9,2026-03-12,Z00.00
CLM102403,PAT1845,PRV170,10775.38,2026-02-13,J45.909
CLM102404,PAT1634,PRV167,3028.45,2026-01-21,I10
CLM102405,PAT1512,PRV144,13558.73,2026-02-12,J45.909
CLM102406,PAT1716,PRV224,7386.67,2026-03-27,E11.9
CLM102407,PAT1703,PRV120,6528.02,2026-04-30,INVALID_CODE
CLM102408,PAT1290,PRV164,4935.85,2026-04-27,E11.9
CLM102409,PAT1705,PRV281,2400.22,2026-07-14,J45.909
CLM102410,PAT1514,PRV248,1901.75,2026-03-16,INVALID_CODE
CLM102411,PAT1818,PRV204,610.49,2026-02-23,J45.909
CLM102412,PAT1776,PRV157,4460.41,2026-01-26,Z00.00
CLM102413,PAT1685,PRV188,9283.35,2026-02-14,Z00.00
CLM102414,PAT1537,PRV193,2404.48,2026-05-05,INVALID_CODE
CLM102415,PAT1927,PRV213,3451.82,2026-04-02,I10
CLM102416,PAT1765,PRV284,10642.26,2026-05-18,J45.909
CLM102417,PAT1768,PRV203,6014.21,2026-05-21,E11.9
CLM102418,PAT1545,PRV118,10508.99,2026-02-05,INVALID_CODE
CLM102419,PAT1118,PRV238,1901.33,2026-02-20,I10
CLM102420,PAT1087,PRV244,5179.89,2026-07-18,J45.909
CLM102421,PAT1973,PRV108,12373.02,2026-03-02,M25.50
CLM102422,PAT1642,PRV177,9532.97,2026-07-04,INVALID_CODE
CLM102423,PAT1501,PRV142,166.47,2026-03-01,E11.9
CLM102424,PAT1827,PRV297,1911.78,2026-02-27,E11.9
CLM102425,PAT1579,PRV110,3022.55,2026-03-13,J45.909
CLM102426,PAT1094,PRV179,14500.54,2026-05-24,M25.50
CLM102427,PAT1334,PRV130,2980.52,2026-04-04,J45.909
CLM102428,PAT1681,PRV256,10753.84,2026-01-07,INVALID_CODE
CLM102429,PAT1243,PRV140,13321.78,2026-01-19,M25.50
CLM102430,PAT1940,PRV252,13222.87,2026-01-07,Z00.00
CLM102431,PAT1928,PRV129,8237.15,2026-03-17,M25.50
CLM102432,PAT1626,PRV121,1531.31,2026-07-07,I10
CLM102433,PAT1576,PRV102,11199.07,2026-02-14,Z00.00
CLM102434,PAT1060,PRV202,14830.96,2026-07-14,M25.50
CLM102435,PAT1263,PRV135,14268.62,2026-03-25,I10
CLM102436,PAT1694,PRV113,9082.32,2026-06-06,M25.50
CLM102437,PAT1613,PRV162,13996.63,2026-02-08,I10
CLM102438,PAT1177,PRV208,7759.2,2026-03-08,Z00.00
CLM102439,PAT1626,PRV205,6661.64,2026-07-07,Z00.00
CLM102440,PAT1351,PRV281,923.66,2026-01-11,INVALID_CODE
CLM102441,PAT1851,PRV262,6429.11,2026-03-07,E11.9
CLM102442,PAT1661,PRV198,10988.6,2026-03-14,Z00.00
CLM102443,PAT1160,PRV152,8169.42,2026-02-08,I10
CLM102444,PAT1086,PRV224,2956.81,2026-03-12,I10
CLM102445,PAT1234,PRV119,9823.15,2026-01-16,Z00.00
CLM102446,PAT1677,PRV207,7161.12,2026-06-18,J45.909
CLM102447,PAT1455,PRV285,344.57,2026-05-17,M25.50
CLM102448,PAT1267,PRV109,14314.82,2026-05-30,E11.9
CLM102449,PAT1938,PRV175,12107.65,2026-01-01,J45.909
CLM102450,PAT1173,PRV102,5342.74,2026-07-04,J45.909
CLM102451,PAT1828,PRV132,11218.7,2026-07-07,INVALID_CODE
CLM102452,PAT1392,PRV109,529.25,2026-04-22,J45.909
CLM102453,PAT1636,PRV197,10275.02,2026-02-13,INVALID_CODE
CLM102454,PAT1269,PRV151,7509.53,2026-03-24,M25.50
CLM102455,PAT1738,PRV156,4581.49,2026-06-02,Z00.00
CLM102456,PAT1117,PRV196,1072.66,2026-02-20,Z00.00
CLM102457,PAT1857,PRV281,7052.22,2026-05-17,I10
CLM102458,PAT1863,PRV164,7132.83,2026-02-07,J45.909
CLM102459,PAT1624,PRV219,6614.46,2026-03-08,E11.9
CLM102460,PAT1872,PRV106,3936.65,2026-02-25,I10
CLM102461,PAT1997,PRV230,468.95,2026-05-15,E11.9
CLM102462,PAT1321,PRV210,3771.2,2026-06-06,J45.909
CLM102463,PAT1896,PRV283,10243.9,2026-06-04,M25.50
CLM102464,PAT1699,PRV196,3939.09,2026-02-17,E11.9
CLM102465,PAT1829,PRV135,3296.71,2026-03-16,INVALID_CODE
CLM102466,PAT1291,PRV183,13208.3,2026-03-10,M25.50
CLM102467,PAT1448,PRV290,9266.46,2026-06-13,E11.9
CLM102468,PAT1926,PRV262,8848.28,2026-05-13,I10
CLM102469,PAT1644,PRV216,10812.08,2026-05-20,E11.9
CLM102470,PAT1726,PRV227,6714.47,2026-03-31,INVALID_CODE
CLM102471,PAT1011,PRV277,2009.34,2026-04-04,Z00.00
CLM102472,PAT1865,PRV286,8137.18,2026-04-23,M25.50
CLM102473,PAT1488,PRV163,2390.18,2026-04-21,M25.50
CLM102474,PAT1484,PRV244,13671.93,2026-06-15,J45.909
CLM102475,PAT1479,PRV125,1604.77,2026-04-18,J45.909
CLM102476,PAT1632,PRV195,7296.0,2026-05-16,M25.50
CLM102477,PAT1009,PRV155,3068.14,2026-05-26,J45.909
CLM102478,PAT1806,PRV136,4640.12,2026-02-22,Z00.00
CLM102479,PAT1556,PRV243,621.12,2026-06-11,E11.9
CLM102480,PAT1772,PRV284,559.82,2026-06-05,E11.9
CLM102481,PAT1261,PRV178,12031.28,2026-06-28,M25.50
CLM102482,PAT1334,PRV236,10348.81,2026-01-25,J45.909
CLM102483,PAT1472,PRV202,11432.66,2026-01-17,Z00.00
CLM102484,PAT1100,PRV172,9476.68,2026-04-09,I10
CLM102485,PAT1204,PRV270,9189.67,2026-05-03,I10
CLM102486,PAT1245,PRV198,9708.75,2026-01-01,J45.909
CLM102487,PAT1705,PRV170,5271.35,2026-04-10,INVALID_CODE
CLM102488,PAT1989,PRV188,1618.35,2026-06-08,INVALID_CODE
CLM102489,PAT1455,PRV238,13886.84,2026-05-01,INVALID_CODE
CLM102490,PAT1543,PRV261,789.39,2026-01-31,I10
CLM102491,PAT1137,PRV254,3290.58,2026-07-17,E11.9
CLM102492,PAT1399,PRV146,8424.92,2026-02-15,I10
CLM102493,PAT1239,PRV231,12601.39,2026-07-15,Z00.00
CLM102494,PAT1573,PRV257,1154.0,2026-06-30,E11.9
CLM102495,PAT1515,PRV105,8145.88,2026-04-21,I10
CLM102496,PAT1122,PRV268,3953.54,2026-02-02,J45.909
CLM102497,PAT1579,PRV262,7010.46,2026-01-10,E11.9
CLM102498,PAT1940,PRV124,11375.76,2026-01-21,M25.50
CLM102499,PAT1488,PRV184,3085.78,2026-07-03,M25.50
CLM102500,PAT1718,PRV209,5520.09,2026-02-24,I10
CLM102501,PAT1201,PRV150,9465.65,2026-05-01,M25.50
CLM102502,PAT1161,PRV135,1321.39,2026-03-01,M25.50
CLM102503,PAT1699,PRV153,10225.86,2026-03-08,INVALID_CODE
CLM102504,PAT1004,PRV123,4618.96,2026-01-31,Z00.00
CLM102505,PAT1523,PRV232,12325.9,2026-07-13,Z00.00
CLM102506,PAT1106,PRV240,4796.42,2026-06-05,Z00.00
CLM102507,PAT1956,PRV201,7097.27,2026-02-12,J45.909
CLM102508,PAT1016,PRV258,14203.14,2026-06-09,I10
CLM102509,PAT1909,PRV132,11111.46,2026-04-16,INVALID_CODE
CLM102510,PAT1307,PRV135,974.46,2026-07-13,Z00.00
CLM102511,PAT1297,PRV124,2148.64,2026-07-19,M25.50
CLM102512,PAT1667,PRV149,4146.11,2026-03-13,J45.909
CLM102513,PAT1424,PRV207,618.33,2026-01-10,E11.9
CLM102514,PAT1235,PRV100,11220.94,2026-06-08,E11.9
CLM102515,PAT1584,PRV132,6050.41,2026-01-28,J45.909
CLM102516,PAT1778,PRV128,7290.28,2026-04-18,INVALID_CODE
CLM102517,PAT1278,PRV198,8858.58,2026-05-07,Z00.00
CLM102518,PAT1879,PRV177,9590.81,2026-02-14,J45.909
CLM102519,PAT1574,PRV198,14978.05,2026-07-09,E11.9
CLM102520,PAT1068,PRV221,14582.64,2026-03-08,INVALID_CODE
CLM102521,PAT1672,PRV181,748.53,2026-01-07,E11.9
CLM102522,PAT1698,PRV225,8115.25,2026-01-28,Z00.00
CLM102523,PAT1418,PRV246,6186.35,2026-01-02,E11.9
CLM102524,PAT1437,PRV117,12026.69,2026-04-09,I10
CLM102525,PAT1006,PRV157,13995.29,2026-06-09,I10
CLM102526,PAT1295,PRV177,3484.7,2026-01-02,J45.909
CLM102527,PAT1663,PRV201,5432.53,2026-01-27,M25.50
CLM102528,PAT1940,PRV192,3426.51,2026-03-04,J45.909
CLM102529,PAT1054,PRV146,12841.36,2026-03-16,Z00.00
CLM102530,PAT1492,PRV208,3509.4,2026-03-23,I10
CLM102531,PAT1315,PRV124,14011.51,2026-04-01,J45.909
CLM102532,PAT1192,PRV119,4126.0,2026-06-17,J45.909
CLM102533,PAT1994,PRV181,11224.32,2026-07-12,Z00.00
CLM102534,PAT1553,PRV144,3296.78,2026-02-25,J45.909
CLM102535,PAT1206,PRV166,13702.58,2026-05-02,I10
CLM102536,PAT1850,PRV173,4716.64,2026-03-30,M25.50
CLM102537,PAT1188,PRV251,7976.07,2026-03-13,J45.909
CLM102538,PAT1149,PRV140,14107.99,2026-02-10,I10
CLM102539,PAT1426,PRV213,6013.88,2026-02-27,Z00.00
CLM102540,PAT1404,PRV106,12593.3,2026-03-10,I10
CLM102541,PAT1553,PRV179,8595.23,2026-06-03,J45.909
CLM102542,PAT1738,PRV252,7104.55,2026-06-04,I10
CLM102543,PAT1414,PRV259,3735.68,2026-03-16,M25.50
CLM102544,PAT1891,PRV126,14578.1,2026-07-18,M25.50
CLM102545,PAT1435,PRV249,6644.04,2026-03-24,Z00.00
CLM102546,PAT1323,PRV227,12388.54,2026-02-09,J45.909
CLM102547,PAT1000,PRV222,11076.13,2026-05-05,I10
CLM102548,PAT1440,PRV149,6983.01,2026-03-05,INVALID_CODE
CLM102549,PAT1057,PRV108,14625.62,2026-05-03,I10
CLM102550,PAT1018,PRV298,10526.0,2026-05-22,M25.50
CLM102551,PAT1380,PRV297,8355.48,2026-03-30,INVALID_CODE
CLM102552,PAT1117,PRV103,3506.67,2026-04-10,INVALID_CODE
CLM102553,PAT1582,PRV173,5166.24,2026-05-27,I10
CLM102554,PAT1447,PRV231,9036.52,2026-05-04,E11.9
CLM102555,PAT1516,PRV101,6881.15,2026-02-11,Z00.00
CLM102556,PAT1387,PRV149,12276.24,2026-06-08,M25.50
CLM102557,PAT1508,PRV189,2878.78,2026-04-21,INVALID_CODE
CLM102558,PAT1428,PRV129,9045.21,2026-04-03,E11.9
CLM102559,PAT1330,PRV106,6710.68,2026-05-13,M25.50
CLM102560,PAT1679,PRV155,4961.13,2026-07-17,Z00.00
CLM102561,PAT1692,PRV205,2113.36,2026-01-03,E11.9
CLM102562,PAT1349,PRV165,4462.71,2026-06-28,INVALID_CODE
CLM102563,PAT1981,PRV285,13293.23,2026-02-24,E11.9
CLM102564,PAT1599,PRV243,4602.32,2026-02-08,Z00.00
CLM102565,PAT1426,PRV131,5396.08,2026-03-19,J45.909
CLM102566,PAT1092,PRV182,14244.38,2026-01-16,Z00.00
CLM102567,PAT1650,PRV230,11516.72,2026-02-15,J45.909
CLM102568,PAT1840,PRV210,11764.09,2026-05-05,I10
CLM102569,PAT1512,PRV101,224.11,2026-01-01,M25.50
CLM102570,PAT1663,PRV300,1131.16,2026-06-01,M25.50
CLM102571,PAT1403,PRV239,14275.96,2026-02-26,INVALID_CODE
CLM102572,PAT1403,PRV172,1865.31,2026-04-15,M25.50
CLM102573,PAT1914,PRV266,8490.6,2026-05-26,M25.50
CLM102574,PAT1308,PRV187,3558.05,2026-04-28,Z00.00
CLM102575,PAT1577,PRV195,11997.16,2026-01-06,M25.50
CLM102576,PAT1819,PRV188,9000.55,2026-03-26,INVALID_CODE
CLM102577,PAT1181,PRV140,7086.56,2026-01-26,I10
CLM102578,PAT1095,PRV154,10522.05,2026-03-15,INVALID_CODE
CLM102579,PAT1103,PRV121,6722.09,2026-06-04,Z00.00
CLM102580,PAT1746,PRV232,14558.55,2026-06-14,INVALID_CODE
CLM102581,PAT1145,PRV112,12882.85,2026-06-27,J45.909
CLM102582,PAT1465,PRV279,9111.47,2026-03-21,Z00.00
CLM102583,PAT1284,PRV179,4740.54,2026-03-24,INVALID_CODE
CLM102584,PAT1831,PRV268,655.72,2026-06-22,E11.9
CLM102585,PAT1918,PRV234,250.38,2026-06-05,E11.9
CLM102586,PAT1237,PRV146,2123.38,2026-06-08,J45.909
CLM102587,PAT1690,PRV202,4709.45,2026-04-25,Z00.00
CLM102588,PAT1959,PRV217,5748.8,2026-07-17,M25.50
CLM102589,PAT1393,PRV249,11022.44,2026-07-07,Z00.00
CLM102590,PAT1498,PRV293,8816.32,2026-04-24,INVALID_CODE
CLM102591,PAT1157,PRV176,11211.74,2026-03-21,Z00.00
CLM102592,PAT1120,PRV266,6360.01,2026-01-03,M25.50
CLM102593,PAT1988,PRV175,8478.26,2026-03-14,Z00.00
CLM102594,PAT1181,PRV174,7983.11,2026-06-08,E11.9
CLM102595,PAT1185,PRV131,2923.78,2026-02-21,M25.50
CLM102596,PAT1259,PRV171,14771.58,2026-05-05,M25.50
CLM102597,PAT1398,PRV260,6389.75,2026-04-24,Z00.00
CLM102598,PAT1285,PRV110,12348.96,2026-07-01,Z00.00
CLM102599,PAT1642,PRV234,13714.27,2026-01-06,INVALID_CODE
CLM102600,PAT1756,PRV168,992.76,2026-07-13,Z00.00
CLM102601,PAT1309,PRV178,3842.32,2026-03-08,E11.9
CLM102602,PAT1585,PRV174,7180.36,2026-05-13,E11.9
CLM102603,PAT1529,PRV258,4367.22,2026-02-03,M25.50
CLM102604,PAT1008,PRV131,8810.37,2026-04-27,M25.50
CLM102605,PAT1605,PRV297,14542.32,2026-05-20,Z00.00
CLM102606,PAT1829,PRV266,13160.53,2026-01-22,M25.50
CLM102607,PAT1389,PRV109,8972.42,2026-02-23,M25.50
CLM102608,PAT1037,PRV149,10394.84,2026-05-28,I10
CLM102609,PAT1585,PRV260,5971.51,2026-07-17,M25.50
CLM102610,PAT1535,PRV216,4472.47,2026-01-31,E11.9
CLM102611,PAT1503,PRV193,13578.76,2026-06-02,Z00.00
CLM102612,PAT1165,PRV187,5210.72,2026-04-29,I10
CLM102613,PAT1469,PRV229,4908.77,2026-03-25,M25.50
CLM102614,PAT1680,PRV215,13717.69,2026-04-28,INVALID_CODE
CLM102615,PAT1392,PRV266,12486.42,2026-02-28,I10
CLM102616,PAT1790,PRV248,6836.94,2026-05-20,I10
CLM102617,PAT1998,PRV101,4840.9,2026-04-06,Z00.00
CLM102618,PAT1880,PRV211,4182.88,2026-07-06,E11.9
CLM102619,PAT1426,PRV292,5682.31,2026-02-01,J45.909
CLM102620,PAT1550,PRV245,8120.05,2026-03-13,J45.909
CLM102621,PAT1533,PRV170,11823.47,2026-04-20,M25.50
CLM102622,PAT1820,PRV251,9187.88,2026-02-07,E11.9
CLM102623,PAT1563,PRV291,6610.1,2026-04-13,INVALID_CODE
CLM102624,PAT1942,PRV198,5876.16,2026-03-27,INVALID_CODE
CLM102625,PAT1858,PRV102,12370.56,2026-01-16,I10
CLM102626,PAT1202,PRV223,13222.28,2026-05-11,J45.909
CLM102627,PAT1978,PRV299,6860.14,2026-03-19,M25.50
CLM102628,PAT1845,PRV214,11809.5,2026-06-05,INVALID_CODE
CLM102629,PAT1765,PRV254,8596.86,2026-02-08,J45.909
CLM102630,PAT1119,PRV165,3135.13,2026-05-08,Z00.00
CLM102631,PAT1675,PRV241,11472.84,2026-04-19,E11.9
CLM102632,PAT1023,PRV157,10457.1,2026-04-25,INVALID_CODE
CLM102633,PAT1309,PRV268,5787.51,2026-05-13,J45.909
CLM102634,PAT1914,PRV147,4001.56,2026-03-07,Z00.00
CLM102635,PAT1537,PRV169,351.3,2026-05-07,E11.9
CLM102636,PAT1169,PRV130,2417.38,2026-06-05,INVALID_CODE
CLM102637,PAT1003,PRV167,14850.1,2026-05-22,INVALID_CODE
CLM102638,PAT1936,PRV247,11326.27,2026-03-04,M25.50
CLM102639,PAT1547,PRV195,1423.51,2026-06-30,Z00.00
CLM102640,PAT1555,PRV183,8145.61,2026-03-16,INVALID_CODE
CLM102641,PAT1281,PRV274,10233.76,2026-05-23,Z00.00
CLM102642,PAT1145,PRV153,5799.79,2026-04-01,M25.50
CLM102643,PAT1949,PRV205,14013.31,2026-02-04,E11.9
CLM102644,PAT1056,PRV137,1054.03,2026-04-25,J45.909
CLM102645,PAT1510,PRV297,2722.25,2026-05-17,J45.909
CLM102646,PAT1232,PRV184,4665.72,2026-03-16,E11.9
CLM102647,PAT1786,PRV152,11070.56,2026-06-04,I10
CLM102648,PAT1002,PRV298,8182.07,2026-05-28,Z00.00
CLM102649,PAT1529,PRV194,1173.54,2026-03-29,J45.909
CLM102650,PAT1696,PRV259,6597.73,2026-06-12,M25.50
CLM102651,PAT1079,PRV120,962.33,2026-06-23,Z00.00
CLM102652,PAT1584,PRV189,14871.97,2026-01-23,M25.50
CLM102653,PAT1375,PRV141,5459.52,2026-07-19,Z00.00
CLM102654,PAT1121,PRV113,10074.51,2026-05-24,E11.9
CLM102655,PAT1343,PRV160,2325.22,2026-01-29,E11.9
CLM102656,PAT1035,PRV178,14223.75,2026-05-31,M25.50
CLM102657,PAT1703,PRV290,5975.17,2026-05-14,E11.9
CLM102658,PAT1808,PRV257,12692.78,2026-06-11,J45.909
CLM102659,PAT1890,PRV206,11486.3,2026-03-05,Z00.00
CLM102660,PAT1876,PRV171,14426.81,2026-04-23,J45.909
CLM102661,PAT1586,PRV111,11497.96,2026-03-06,E11.9
CLM102662,PAT1744,PRV151,5451.35,2026-06-09,INVALID_CODE
CLM102663,PAT1258,PRV211,7437.31,2026-05-20,Z00.00
CLM102664,PAT1314,PRV253,2999.7,2026-03-13,J45.909
CLM102665,PAT1290,PRV241,6875.24,2026-01-17,INVALID_CODE
CLM102666,PAT1307,PRV277,3380.09,2026-07-17,I10
CLM102667,PAT1459,PRV257,4439.33,2026-05-30,J45.909
CLM102668,PAT1318,PRV275,4251.2,2026-01-14,I10
CLM102669,PAT1151,PRV202,641.51,2026-01-27,I10
CLM102670,PAT1710,PRV264,7399.73,2026-05-02,INVALID_CODE
CLM102671,PAT1199,PRV164,13589.09,2026-03-31,M25.50
CLM102672,PAT1236,PRV300,6298.92,2026-01-11,M25.50
CLM102673,PAT1532,PRV214,5677.93,2026-05-15,M25.50
CLM102674,PAT1527,PRV266,10650.86,2026-01-13,I10
CLM102675,PAT1701,PRV280,848.88,2026-04-27,I10
CLM102676,PAT1230,PRV130,4937.25,2026-01-29,Z00.00
CLM102677,PAT1991,PRV117,6236.21,2026-02-18,I10
CLM102678,PAT1331,PRV196,14486.62,2026-06-02,J45.909
CLM102679,PAT1812,PRV251,6419.08,2026-06-13,J45.909
CLM102680,PAT1519,PRV229,11061.73,2026-07-14,I10
CLM102681,PAT1578,PRV276,14647.95,2026-05-05,M25.50
CLM102682,PAT1600,PRV113,8859.37,2026-02-14,I10
CLM102683,PAT1786,PRV255,12009.47,2026-06-22,E11.9
CLM102684,PAT1683,PRV150,14951.46,2026-03-01,M25.50
CLM102685,PAT1297,PRV154,3164.58,2026-01-29,INVALID_CODE
CLM102686,PAT1385,PRV226,9863.64,2026-04-10,INVALID_CODE
CLM102687,PAT1602,PRV267,778.7,2026-03-14,INVALID_CODE
CLM102688,PAT1420,PRV103,1716.49,2026-07-01,J45.909
CLM102689,PAT1483,PRV268,2707.38,2026-02-21,M25.50
CLM102690,PAT1612,PRV247,11463.66,2026-01-22,M25.50
CLM102691,PAT1601,PRV296,5724.32,2026-02-01,J45.909
CLM102692,PAT1174,PRV184,13150.81,2026-02-12,INVALID_CODE
CLM102693,PAT1783,PRV261,13310.89,2026-06-24,M25.50
CLM102694,PAT1337,PRV111,6141.36,2026-04-26,INVALID_CODE
CLM102695,PAT1964,PRV195,14794.29,2026-03-24,J45.909
CLM102696,PAT1579,PRV300,302.85,2026-02-07,M25.50
CLM102697,PAT1639,PRV131,7357.32,2026-05-09,INVALID_CODE
CLM102698,PAT1609,PRV249,11351.78,2026-01-12,J45.909
CLM102699,PAT1798,PRV222,8869.31,2026-03-12,M25.50
CLM102700,PAT1688,PRV293,7686.83,2026-03-09,M25.50
CLM102701,PAT1184,PRV220,7884.03,2026-03-02,E11.9
CLM102702,PAT1669,PRV203,1178.53,2026-01-26,INVALID_CODE
CLM102703,PAT1988,PRV254,10663.59,2026-04-09,M25.50
CLM102704,PAT1525,PRV123,7243.73,2026-02-07,I10
CLM102705,PAT1818,PRV191,1027.21,2026-05-21,M25.50
CLM102706,PAT1681,PRV277,3608.73,2026-01-30,J45.909
CLM102707,PAT1717,PRV111,5970.97,2026-03-12,E11.9
CLM102708,PAT1697,PRV134,4335.27,2026-07-08,E11.9
CLM102709,PAT1295,PRV158,12654.27,2026-06-04,INVALID_CODE
CLM102710,PAT1591,PRV190,7865.42,2026-06-17,E11.9
CLM102711,PAT1045,PRV110,11259.72,2026-01-18,INVALID_CODE
CLM102712,PAT1665,PRV200,9252.76,2026-05-03,INVALID_CODE
CLM102713,PAT1253,PRV171,5065.19,2026-02-02,Z00.00
CLM102714,PAT1325,PRV135,1586.69,2026-04-14,INVALID_CODE
CLM102715,PAT1380,PRV132,12374.89,2026-04-21,J45.909
CLM102716,PAT1260,PRV199,4176.83,2026-03-13,J45.909
CLM102717,PAT1781,PRV115,9865.93,2026-03-03,E11.9
CLM102718,PAT1195,PRV218,3856.7,2026-06-07,Z00.00
CLM102719,PAT1364,PRV287,1156.49,2026-01-02,Z00.00
CLM102720,PAT1769,PRV126,11260.36,2026-03-19,J45.909
CLM102721,PAT1634,PRV289,11748.67,2026-02-18,I10
CLM102722,PAT1160,PRV236,5432.69,2026-03-24,I10
CLM102723,PAT1568,PRV243,11291.53,2026-05-16,INVALID_CODE
CLM102724,PAT1972,PRV213,11176.17,2026-06-14,I10
CLM102725,PAT1668,PRV274,1613.94,2026-06-04,E11.9
CLM102726,PAT1849,PRV215,10210.78,2026-06-10,Z00.00
CLM102727,PAT1929,PRV219,1173.29,2026-01-24,INVALID_CODE
CLM102728,PAT1436,PRV200,6985.83,2026-01-11,J45.909
CLM102729,PAT1073,PRV161,596.38,2026-04-30,M25.50
CLM102730,PAT1804,PRV230,14410.24,2026-01-20,INVALID_CODE
CLM102731,PAT1314,PRV172,11480.07,2026-04-30,Z00.00
CLM102732,PAT1654,PRV190,7864.91,2026-02-13,E11.9
CLM102733,PAT1119,PRV192,11619.7,2026-02-08,J45.909
CLM102734,PAT1560,PRV176,2798.15,2026-03-04,I10
CLM102735,PAT1705,PRV193,1871.41,2026-06-08,M25.50
CLM102736,PAT1232,PRV270,11604.46,2026-05-20,M25.50
CLM102737,PAT1233,PRV228,7661.32,2026-06-20,J45.909
CLM102738,PAT1824,PRV170,14070.58,2026-07-03,INVALID_CODE
CLM102739,PAT1298,PRV207,14647.44,2026-01-21,Z00.00
CLM102740,PAT1229,PRV299,10059.86,2026-05-14,I10
CLM102741,PAT1949,PRV283,7029.9,2026-07-05,INVALID_CODE
CLM102742,PAT1976,PRV293,3623.41,2026-01-17,Z00.00
CLM102743,PAT1995,PRV135,8866.65,2026-07-10,I10
CLM102744,PAT1377,PRV228,696.19,2026-07-12,M25.50
CLM102745,PAT1757,PRV251,1850.89,2026-07-19,Z00.00
CLM102746,PAT1804,PRV254,5172.5,2026-05-19,E11.9
CLM102747,PAT1127,PRV215,707.25,2026-02-05,J45.909
CLM102748,PAT1448,PRV119,6284.55,2026-06-24,M25.50
CLM102749,PAT1709,PRV223,4733.16,2026-07-17,I10
CLM102750,PAT1304,PRV176,8148.2,2026-02-10,Z00.00
CLM102751,PAT1284,PRV258,9591.03,2026-02-27,I10
CLM102752,PAT1930,PRV237,8349.43,2026-02-07,M25.50
CLM102753,PAT1076,PRV105,12613.36,2026-04-07,E11.9
CLM102754,PAT1521,PRV252,13898.06,2026-02-10,Z00.00
CLM102755,PAT1805,PRV279,14954.16,2026-05-04,INVALID_CODE
CLM102756,PAT1059,PRV204,520.46,2026-02-20,E11.9
CLM102757,PAT1863,PRV115,768.52,2026-02-23,E11.9
CLM102758,PAT1396,PRV178,6620.69,2026-04-06,M25.50
CLM102759,PAT1897,PRV144,6426.66,2026-03-17,INVALID_CODE
CLM102760,PAT1735,PRV212,4203.86,2026-07-19,E11.9
CLM102761,PAT1964,PRV139,4728.21,2026-02-07,I10
CLM102762,PAT1031,PRV208,13567.84,2026-06-11,J45.909
CLM102763,PAT1959,PRV200,6226.66,2026-06-19,M25.50
CLM102764,PAT1384,PRV111,416.27,2026-06-12,M25.50
CLM102765,PAT1022,PRV262,2059.45,2026-07-09,I10
CLM102766,PAT1812,PRV247,2029.15,2026-04-21,J45.909
CLM102767,PAT1138,PRV215,673.03,2026-01-03,Z00.00
CLM102768,PAT1146,PRV178,10029.97,2026-07-10,Z00.00
CLM102769,PAT1230,PRV165,10093.79,2026-01-04,INVALID_CODE
CLM102770,PAT1405,PRV135,9643.44,2026-05-30,E11.9
CLM102771,PAT1085,PRV298,1371.46,2026-05-02,I10
CLM102772,PAT1316,PRV230,12074.75,2026-06-09,Z00.00
CLM102773,PAT1993,PRV212,3198.09,2026-06-22,Z00.00
CLM102774,PAT1149,PRV178,10984.19,2026-06-26,J45.909
CLM102775,PAT1185,PRV131,14683.31,2026-06-15,E11.9
CLM102776,PAT1130,PRV225,7906.72,2026-01-19,INVALID_CODE
CLM102777,PAT1564,PRV230,9062.12,2026-01-05,M25.50
CLM102778,PAT1874,PRV123,13795.79,2026-01-18,M25.50
CLM102779,PAT1722,PRV276,3728.66,2026-04-10,I10
CLM102780,PAT1155,PRV231,1435.88,2026-03-10,J45.909
CLM102781,PAT1869,PRV180,3493.11,2026-01-15,Z00.00
CLM102782,PAT1556,PRV196,12624.85,2026-02-05,J45.909
CLM102783,PAT1468,PRV243,7446.45,2026-01-16,J45.909
CLM102784,PAT1875,PRV291,8303.04,2026-04-21,M25.50
CLM102785,PAT1449,PRV294,1911.43,2026-01-28,I10
CLM102786,PAT1991,PRV108,2223.64,2026-03-30,INVALID_CODE
CLM102787,PAT1728,PRV210,5887.49,2026-03-25,Z00.00
CLM102788,PAT1793,PRV122,10985.85,2026-02-15,INVALID_CODE
CLM102789,PAT1373,PRV297,5441.68,2026-07-02,M25.50
CLM102790,PAT1766,PRV250,1701.0,2026-01-17,INVALID_CODE
CLM102791,PAT1921,PRV248,8147.22,2026-02-02,Z00.00
CLM102792,PAT1917,PRV296,9819.12,2026-04-03,M25.50
CLM102793,PAT1124,PRV258,1791.51,2026-07-14,J45.909
CLM102794,PAT1658,PRV117,10818.48,2026-01-10,I10
CLM102795,PAT1993,PRV295,6492.64,2026-01-12,E11.9
CLM102796,PAT1659,PRV106,4265.46,2026-04-12,I10
CLM102797,PAT1796,PRV162,10107.66,2026-03-20,I10
CLM102798,PAT1174,PRV234,7558.31,2026-03-28,Z00.00
CLM102799,PAT1411,PRV274,1067.57,2026-03-06,I10
CLM102800,PAT1243,PRV127,2230.99,2026-03-23,I10
CLM102801,PAT1193,PRV261,14916.14,2026-03-11,J45.909
CLM102802,PAT1120,PRV180,3498.23,2026-04-14,J45.909
CLM102803,PAT1183,PRV260,4064.21,2026-05-31,M25.50
CLM102804,PAT1577,PRV154,5469.44,2026-02-15,I10
CLM102805,PAT1146,PRV160,14575.4,2026-05-22,Z00.00
CLM102806,PAT1107,PRV286,2186.14,2026-07-12,E11.9
CLM102807,PAT1386,PRV184,13061.75,2026-02-15,E11.9
CLM102808,PAT1357,PRV192,3004.77,2026-01-08,INVALID_CODE
CLM102809,PAT1746,PRV274,13800.82,2026-07-04,E11.9
CLM102810,PAT1086,PRV282,1929.91,2026-01-23,M25.50
CLM102811,PAT1216,PRV205,13944.58,2026-06-24,Z00.00
CLM102812,PAT1155,PRV227,6545.24,2026-03-25,M25.50
CLM102813,PAT1588,PRV145,12399.79,2026-02-18,Z00.00
CLM102814,PAT1927,PRV117,11673.84,2026-04-07,E11.9
CLM102815,PAT1225,PRV210,10866.65,2026-05-26,M25.50
CLM102816,PAT1004,PRV127,958.9,2026-03-07,INVALID_CODE
CLM102817,PAT1261,PRV220,13469.24,2026-03-13,I10
CLM102818,PAT1070,PRV259,12949.04,2026-04-12,E11.9
CLM102819,PAT1002,PRV132,461.16,2026-02-07,E11.9
CLM102820,PAT1626,PRV257,1512.34,2026-04-25,I10
CLM102821,PAT1389,PRV113,4841.94,2026-06-16,J45.909
CLM102822,PAT1665,PRV261,11955.43,2026-05-23,INVALID_CODE
CLM102823,PAT1172,PRV290,12291.29,2026-06-19,INVALID_CODE
CLM102824,PAT1764,PRV108,4518.27,2026-02-25,M25.50
CLM102825,PAT1687,PRV139,10428.31,2026-02-01,INVALID_CODE
CLM102826,PAT1241,PRV246,12137.2,2026-04-25,M25.50
CLM102827,PAT1903,PRV110,4285.97,2026-04-23,Z00.00
CLM102828,PAT1668,PRV181,6145.68,2026-02-07,J45.909
CLM102829,PAT1302,PRV277,8703.7,2026-01-06,J45.909
CLM102830,PAT1347,PRV209,1687.45,2026-07-13,INVALID_CODE
CLM102831,PAT1270,PRV108,3279.28,2026-07-08,Z00.00
CLM102832,PAT1707,PRV117,6389.33,2026-03-22,M25.50
CLM102833,PAT1118,PRV294,13704.15,2026-02-11,Z00.00
CLM102834,PAT1890,PRV132,5482.81,2026-01-25,I10
CLM102835,PAT1951,PRV188,11877.42,2026-05-16,Z00.00
CLM102836,PAT1076,PRV227,2613.79,2026-02-27,J45.909
CLM102837,PAT1426,PRV214,11370.44,2026-06-04,M25.50
CLM102838,PAT1994,PRV188,5696.85,2026-03-25,M25.50
CLM102839,PAT1935,PRV192,13127.16,2026-07-06,M25.50
CLM102840,PAT1588,PRV199,8514.89,2026-01-19,J45.909
CLM102841,PAT1888,PRV239,4904.44,2026-04-02,E11.9
CLM102842,PAT1469,PRV171,817.47,2026-02-11,I10
CLM102843,PAT1657,PRV227,8845.91,2026-07-14,INVALID_CODE
CLM102844,PAT1945,PRV202,872.74,2026-01-31,E11.9
CLM102845,PAT1435,PRV113,6014.95,2026-05-31,I10
CLM102846,PAT1624,PRV183,14087.83,2026-01-18,I10
CLM102847,PAT1034,PRV278,13532.77,2026-04-01,I10
CLM102848,PAT1892,PRV182,8600.01,2026-02-20,INVALID_CODE
CLM102849,PAT1691,PRV246,8718.74,2026-06-02,I10
CLM102850,PAT1897,PRV257,8315.24,2026-04-20,J45.909
CLM102851,PAT1954,PRV101,11083.78,2026-02-12,J45.909
CLM102852,PAT1235,PRV158,4822.6,2026-05-22,J45.909
CLM102853,PAT1286,PRV173,6553.77,2026-07-04,Z00.00
CLM102854,PAT1674,PRV158,13131.36,2026-07-01,Z00.00
CLM102855,PAT1164,PRV273,7241.75,2026-06-06,M25.50
CLM102856,PAT1531,PRV217,1048.99,2026-05-28,E11.9
CLM102857,PAT1124,PRV238,805.44,2026-07-17,Z00.00
CLM102858,PAT1218,PRV276,6957.16,2026-06-09,J45.909
CLM102859,PAT1313,PRV291,7389.08,2026-03-08,Z00.00
CLM102860,PAT1563,PRV208,11308.82,2026-05-30,INVALID_CODE
CLM102861,PAT1613,PRV165,14427.52,2026-07-01,INVALID_CODE
CLM102862,PAT1354,PRV166,13746.74,2026-04-08,INVALID_CODE
CLM102863,PAT1348,PRV110,14640.79,2026-06-29,Z00.00
CLM102864,PAT1038,PRV204,12682.25,2026-03-13,I10
CLM102865,PAT1163,PRV126,7368.53,2026-04-10,INVALID_CODE
CLM102866,PAT1104,PRV295,9881.52,2026-05-04,I10
CLM102867,PAT1638,PRV125,11296.03,2026-06-23,J45.909
CLM102868,PAT1246,PRV175,8908.26,2026-04-02,Z00.00
CLM102869,PAT1067,PRV134,3773.94,2026-03-18,I10
CLM102870,PAT1550,PRV190,9379.8,2026-04-17,J45.909
CLM102871,PAT1484,PRV200,9512.26,2026-04-28,J45.909
CLM102872,PAT1454,PRV164,7499.01,2026-01-22,Z00.00
CLM102873,PAT1221,PRV174,11050.66,2026-03-12,M25.50
CLM102874,PAT1300,PRV271,14637.58,2026-04-23,M25.50
CLM102875,PAT1601,PRV106,7536.71,2026-04-14,INVALID_CODE
CLM102876,PAT1945,PRV160,13904.13,2026-03-24,M25.50
CLM102877,PAT1645,PRV153,10820.54,2026-03-26,M25.50
CLM102878,PAT1940,PRV264,3612.51,2026-04-01,J45.909
CLM102879,PAT1946,PRV137,8237.38,2026-03-31,I10
CLM102880,PAT1482,PRV172,12975.91,2026-06-12,INVALID_CODE
CLM102881,PAT1081,PRV283,13653.86,2026-03-18,J45.909
CLM102882,PAT1938,PRV254,7006.87,2026-06-27,M25.50
CLM102883,PAT1178,PRV161,4363.2,2026-02-03,J45.909
CLM102884,PAT1862,PRV280,8576.83,2026-03-06,M25.50
CLM102885,PAT1266,PRV110,14504.49,2026-05-17,INVALID_CODE
CLM102886,PAT1853,PRV160,4821.05,2026-07-02,Z00.00
CLM102887,PAT1995,PRV234,8855.09,2026-01-30,E11.9
CLM102888,PAT1188,PRV114,2407.17,2026-07-03,I10
CLM102889,PAT1012,PRV146,1965.57,2026-03-01,INVALID_CODE
CLM102890,PAT1568,PRV125,1511.01,2026-07-14,E11.9
CLM102891,PAT1165,PRV203,6158.86,2026-06-10,INVALID_CODE
CLM102892,PAT1082,PRV102,8558.39,2026-03-20,Z00.00
CLM102893,PAT1359,PRV291,1519.25,2026-02-25,E11.9
CLM102894,PAT1964,PRV260,8558.78,2026-01-15,Z00.00
CLM102895,PAT1530,PRV212,13855.04,2026-02-08,M25.50
CLM102896,PAT1176,PRV248,9340.88,2026-07-07,Z00.00
CLM102897,PAT1729,PRV266,10369.04,2026-05-17,E11.9
CLM102898,PAT1906,PRV154,14188.06,2026-03-09,Z00.00
CLM102899,PAT1063,PRV150,7400.1,2026-07-11,INVALID_CODE
CLM102900,PAT1729,PRV129,12902.2,2026-01-15,J45.909
CLM102901,PAT1664,PRV181,1060.39,2026-05-12,INVALID_CODE
CLM102902,PAT1793,PRV117,11898.36,2026-03-09,J45.909
CLM102903,PAT1428,PRV213,1559.95,2026-01-04,I10
CLM102904,PAT1321,PRV263,10989.16,2026-05-11,INVALID_CODE
CLM102905,PAT1651,PRV116,2454.66,2026-02-28,J45.909
CLM102906,PAT1008,PRV231,4357.9,2026-01-24,Z00.00
CLM102907,PAT1760,PRV124,11482.64,2026-04-29,I10
CLM102908,PAT1026,PRV273,12547.72,2026-02-05,J45.909
CLM102909,PAT1709,PRV181,13429.73,2026-04-02,INVALID_CODE
CLM102910,PAT1239,PRV109,4384.15,2026-07-10,Z00.00
CLM102911,PAT1643,PRV211,1753.54,2026-05-24,INVALID_CODE
CLM102912,PAT1359,PRV206,1206.07,2026-05-23,Z00.00
CLM102913,PAT1302,PRV264,3318.87,2026-06-21,J45.909
CLM102914,PAT1103,PRV214,1029.03,2026-05-21,I10
CLM102915,PAT1855,PRV133,6056.3,2026-01-17,INVALID_CODE
CLM102916,PAT1765,PRV142,803.22,2026-03-06,E11.9
CLM102917,PAT1478,PRV232,9072.49,2026-06-06,E11.9
CLM102918,PAT1357,PRV239,7848.87,2026-04-19,I10
CLM102919,PAT1169,PRV273,5136.18,2026-04-22,INVALID_CODE
CLM102920,PAT1143,PRV178,3540.21,2026-03-10,J45.909
CLM102921,PAT1294,PRV232,7562.92,2026-03-14,INVALID_CODE
CLM102922,PAT1088,PRV155,13564.63,2026-04-09,I10
CLM102923,PAT1037,PRV243,12006.54,2026-03-06,I10
CLM102924,PAT1144,PRV195,2906.93,2026-04-01,E11.9
CLM102925,PAT1470,PRV112,10622.39,2026-07-10,M25.50
CLM102926,PAT1908,PRV251,13648.07,2026-07-08,M25.50
CLM102927,PAT1812,PRV146,1726.1,2026-03-02,J45.909
CLM102928,PAT1897,PRV249,7319.05,2026-05-12,Z00.00
CLM102929,PAT1424,PRV121,1443.78,2026-02-09,J45.909
CLM102930,PAT1570,PRV139,11405.19,2026-04-07,E11.9
CLM102931,PAT1203,PRV185,5680.92,2026-07-07,Z00.00
CLM102932,PAT1821,PRV296,9113.45,2026-05-16,Z00.00
CLM102933,PAT1091,PRV241,790.95,2026-02-09,INVALID_CODE
CLM102934,PAT1721,PRV265,8992.41,2026-05-03,M25.50
CLM102935,PAT1003,PRV144,2593.19,2026-02-05,J45.909
CLM102936,PAT1821,PRV300,5232.24,2026-06-12,I10
CLM102937,PAT1766,PRV188,13511.81,2026-01-25,M25.50
CLM102938,PAT1810,PRV234,5198.27,2026-04-09,I10
CLM102939,PAT1699,PRV280,3419.68,2026-03-06,M25.50
CLM102940,PAT1049,PRV292,8438.22,2026-06-15,Z00.00
CLM102941,PAT1099,PRV148,10103.73,2026-07-10,E11.9
CLM102942,PAT1780,PRV167,4288.55,2026-02-26,J45.909
CLM102943,PAT1553,PRV176,9690.01,2026-07-10,I10
CLM102944,PAT1572,PRV136,13486.3,2026-04-08,E11.9
CLM102945,PAT1705,PRV153,9976.41,2026-01-27,I10
CLM102946,PAT1547,PRV146,3482.25,2026-07-16,J45.909
CLM102947,PAT1367,PRV281,1619.56,2026-03-21,I10
CLM102948,PAT1320,PRV256,6755.91,2026-03-12,I10
CLM102949,PAT1549,PRV144,1649.86,2026-03-16,INVALID_CODE
CLM102950,PAT1921,PRV114,6389.27,2026-02-26,Z00.00
CLM102951,PAT1286,PRV138,1238.89,2026-06-03,M25.50
CLM102952,PAT1349,PRV107,14627.54,2026-06-04,E11.9
CLM102953,PAT1166,PRV242,8633.7,2026-05-26,INVALID_CODE
CLM102954,PAT1039,PRV106,4195.9,2026-06-03,J45.909
CLM102955,PAT1765,PRV250,8949.08,2026-03-15,E11.9
CLM102956,PAT1751,PRV252,3611.83,2026-04-13,INVALID_CODE
CLM102957,PAT1508,PRV161,9970.15,2026-02-18,J45.909
CLM102958,PAT1631,PRV260,12561.65,2026-06-04,M25.50
CLM102959,PAT1874,PRV257,13621.65,2026-05-13,E11.9
CLM102960,PAT1366,PRV168,7131.54,2026-05-19,J45.909
CLM102961,PAT1708,PRV236,12117.5,2026-01-05,Z00.00
CLM102962,PAT1686,PRV126,5375.98,2026-05-16,INVALID_CODE
CLM102963,PAT1641,PRV231,10603.09,2026-06-13,E11.9
CLM102964,PAT1222,PRV259,12639.44,2026-04-06,INVALID_CODE
CLM102965,PAT1238,PRV202,1160.52,2026-05-10,I10
CLM102966,PAT1055,PRV167,8070.97,2026-02-18,E11.9
CLM102967,PAT1030,PRV243,5734.17,2026-04-19,E11.9
CLM102968,PAT1252,PRV161,14100.97,2026-01-18,M25.50
CLM102969,PAT1957,PRV157,13102.52,2026-06-28,E11.9
CLM102970,PAT1590,PRV131,1542.18,2026-04-07,M25.50
CLM102971,PAT1488,PRV300,5823.63,2026-03-09,INVALID_CODE
CLM102972,PAT1332,PRV294,14417.33,2026-02-08,I10
CLM102973,PAT1819,PRV126,5215.33,2026-03-21,I10
CLM102974,PAT1052,PRV203,555.12,2026-06-15,J45.909
CLM102975,PAT1991,PRV211,8992.94,2026-04-06,E11.9
CLM102976,PAT1027,PRV239,12761.91,2026-01-31,I10
CLM102977,PAT1936,PRV162,2037.54,2026-06-19,J45.909
CLM102978,PAT1842,PRV181,3000.56,2026-06-29,Z00.00
CLM102979,PAT1615,PRV290,11638.35,2026-03-14,E11.9
CLM102980,PAT1290,PRV259,8195.24,2026-05-24,INVALID_CODE
CLM102981,PAT1302,PRV226,1132.55,2026-02-09,E11.9
CLM102982,PAT1994,PRV128,9768.47,2026-06-27,Z00.00
CLM102983,PAT1169,PRV234,12326.32,2026-04-03,Z00.00
CLM102984,PAT1471,PRV273,10828.64,2026-03-19,Z00.00
CLM102985,PAT1553,PRV270,3422.05,2026-07-16,INVALID_CODE
CLM102986,PAT1530,PRV150,8875.82,2026-04-25,M25.50
CLM102987,PAT1520,PRV133,4303.93,2026-03-06,E11.9
CLM102988,PAT1390,PRV105,13459.87,2026-03-17,E11.9
CLM102989,PAT1963,PRV256,12149.92,2026-05-14,E11.9
CLM102990,PAT1787,PRV112,12321.96,2026-02-24,E11.9
CLM102991,PAT1861,PRV292,7468.35,2026-05-22,Z00.00
CLM102992,PAT1903,PRV210,10240.67,2026-04-15,J45.909
CLM102993,PAT1495,PRV164,4107.19,2026-06-19,INVALID_CODE
CLM102994,PAT1926,PRV107,7506.0,2026-02-13,J45.909
CLM102995,PAT1011,PRV287,14352.78,2026-02-04,E11.9
CLM102996,PAT1945,PRV238,1923.73,2026-05-14,I10
CLM102997,PAT1481,PRV177,8646.2,2026-01-03,M25.50
CLM102998,PAT1193,PRV145,12088.22,2026-02-12,E11.9
CLM102999,PAT1731,PRV213,866.42,2026-03-23,E11.9
CLM103000,PAT1764,PRV176,9179.49,2026-07-06,INVALID_CODE
CLM103001,PAT1309,PRV255,2884.35,2026-05-13,Z00.00
CLM103002,PAT1092,PRV109,3958.32,2026-02-08,I10
CLM103003,PAT1448,PRV177,12381.64,2026-03-18,I10
CLM103004,PAT1762,PRV100,3182.89,2026-04-17,INVALID_CODE
CLM103005,PAT1717,PRV237,9628.37,2026-07-14,E11.9
CLM103006,PAT1736,PRV155,1070.0,2026-06-08,INVALID_CODE
CLM103007,PAT1637,PRV268,3609.77,2026-06-27,I10
CLM103008,PAT1326,PRV187,14175.02,2026-05-13,E11.9
CLM103009,PAT1015,PRV105,8227.46,2026-07-18,E11.9
CLM103010,PAT1212,PRV286,267.81,2026-03-30,Z00.00
CLM103011,PAT1186,PRV296,10090.34,2026-06-23,E11.9
CLM103012,PAT1670,PRV163,5618.19,2026-04-07,Z00.00
CLM103013,PAT1256,PRV142,7146.04,2026-01-26,INVALID_CODE
CLM103014,PAT1623,PRV193,14537.69,2026-04-15,INVALID_CODE
CLM103015,PAT1256,PRV156,14736.85,2026-06-11,I10
CLM103016,PAT1821,PRV153,4088.89,2026-04-22,M25.50
CLM103017,PAT1952,PRV158,6158.66,2026-03-21,Z00.00
CLM103018,PAT1696,PRV131,4272.85,2026-07-17,I10
CLM103019,PAT1142,PRV288,9924.53,2026-04-06,J45.909
CLM103020,PAT1031,PRV134,14396.56,2026-04-29,J45.909
CLM103021,PAT1148,PRV255,5542.06,2026-06-13,I10
CLM103022,PAT1063,PRV196,13615.2,2026-03-12,E11.9
CLM103023,PAT1422,PRV230,9547.69,2026-01-29,I10
CLM103024,PAT1588,PRV190,6535.62,2026-04-01,J45.909
CLM103025,PAT1712,PRV261,13368.42,2026-06-17,I10
CLM103026,PAT1560,PRV297,4822.98,2026-05-06,J45.909
CLM103027,PAT1481,PRV213,2273.72,2026-01-05,Z00.00
CLM103028,PAT1159,PRV152,12906.27,2026-05-04,INVALID_CODE
CLM103029,PAT1383,PRV236,11732.7,2026-02-26,E11.9
CLM103030,PAT1105,PRV186,9823.19,2026-03-02,E11.9
CLM103031,PAT1509,PRV136,13379.85,2026-06-15,E11.9
CLM103032,PAT1287,PRV156,12282.56,2026-02-16,I10
CLM103033,PAT1748,PRV256,11529.92,2026-02-11,J45.909
CLM103034,PAT1383,PRV273,3683.8,2026-03-19,E11.9
CLM103035,PAT1689,PRV175,4864.62,2026-03-09,I10
CLM103036,PAT1013,PRV160,3559.76,2026-05-01,M25.50
CLM103037,PAT1187,PRV137,4277.84,2026-01-08,I10
CLM103038,PAT1406,PRV152,11308.64,2026-02-06,M25.50
CLM103039,PAT1766,PRV194,12699.49,2026-01-13,Z00.00
CLM103040,PAT1448,PRV247,8294.07,2026-07-11,M25.50
CLM103041,PAT1544,PRV284,9187.67,2026-02-22,M25.50
CLM103042,PAT1246,PRV145,14778.11,2026-01-14,Z00.00
CLM103043,PAT1622,PRV205,12985.81,2026-06-23,J45.909
CLM103044,PAT1908,PRV279,4686.02,2026-03-23,INVALID_CODE
CLM103045,PAT1847,PRV284,9705.78,2026-03-18,I10
CLM103046,PAT1849,PRV222,1078.76,2026-07-09,M25.50
CLM103047,PAT1130,PRV234,6311.39,2026-06-26,J45.909
CLM103048,PAT1146,PRV144,11337.8,2026-06-30,E11.9
CLM103049,PAT1980,PRV294,6674.84,2026-01-31,M25.50
CLM103050,PAT1772,PRV242,4786.24,2026-07-04,M25.50
CLM103051,PAT1591,PRV188,5290.49,2026-04-23,E11.9
CLM103052,PAT1562,PRV132,14056.19,2026-04-12,J45.909
CLM103053,PAT1843,PRV116,493.01,2026-03-17,Z00.00
CLM103054,PAT1625,PRV124,3376.12,2026-06-20,I10
CLM103055,PAT1917,PRV167,4478.31,2026-04-14,INVALID_CODE
CLM103056,PAT1504,PRV103,935.71,2026-04-15,M25.50
CLM103057,PAT1571,PRV101,12875.05,2026-02-18,I10
CLM103058,PAT1613,PRV176,8871.83,2026-07-18,Z00.00
CLM103059,PAT1961,PRV288,4797.51,2026-04-24,INVALID_CODE
CLM103060,PAT1030,PRV283,9670.0,2026-05-11,Z00.00
CLM103061,PAT1043,PRV243,12522.03,2026-04-08,Z00.00
CLM103062,PAT1957,PRV135,2839.42,2026-03-16,E11.9
CLM103063,PAT1231,PRV181,4422.2,2026-03-18,M25.50
CLM103064,PAT1078,PRV193,6337.02,2026-06-05,I10
CLM103065,PAT1793,PRV107,9459.04,2026-03-07,I10
CLM103066,PAT1752,PRV274,14268.69,2026-02-27,I10
CLM103067,PAT1851,PRV107,1459.19,2026-07-04,M25.50
CLM103068,PAT1509,PRV114,1371.98,2026-04-03,INVALID_CODE
CLM103069,PAT1142,PRV146,1979.36,2026-06-10,I10
CLM103070,PAT1630,PRV227,13207.74,2026-06-25,I10
CLM103071,PAT1405,PRV145,6307.5,2026-06-11,J45.909
CLM103072,PAT1740,PRV194,3520.06,2026-07-15,INVALID_CODE
CLM103073,PAT1712,PRV107,8006.01,2026-01-21,M25.50
CLM103074,PAT1617,PRV158,3093.35,2026-04-22,E11.9
CLM103075,PAT1006,PRV292,1415.75,2026-03-28,J45.909
CLM103076,PAT1169,PRV237,4523.48,2026-02-18,J45.909
CLM103077,PAT1802,PRV197,5074.18,2026-06-21,I10
CLM103078,PAT1606,PRV152,2872.34,2026-04-10,E11.9
CLM103079,PAT1327,PRV198,3505.37,2026-01-16,I10
CLM103080,PAT1995,PRV218,14727.14,2026-04-22,M25.50
CLM103081,PAT1489,PRV219,8840.29,2026-02-13,INVALID_CODE
CLM103082,PAT1956,PRV290,6654.46,2026-04-28,Z00.00
CLM103083,PAT1642,PRV211,14924.08,2026-01-18,E11.9
CLM103084,PAT1048,PRV167,3106.19,2026-02-21,E11.9
CLM103085,PAT1663,PRV196,8620.33,2026-05-01,INVALID_CODE
CLM103086,PAT1206,PRV193,9804.76,2026-05-17,J45.909
CLM103087,PAT1715,PRV210,5551.1,2026-02-15,INVALID_CODE
CLM103088,PAT1516,PRV232,8093.64,2026-06-20,E11.9
CLM103089,PAT1586,PRV247,11044.03,2026-07-01,Z00.00
CLM103090,PAT1831,PRV290,2772.58,2026-06-13,J45.909
CLM103091,PAT1764,PRV223,6162.5,2026-06-18,E11.9
CLM103092,PAT1518,PRV100,14907.91,2026-01-26,Z00.00
CLM103093,PAT1537,PRV142,1491.36,2026-01-27,I10
CLM103094,PAT1728,PRV224,883.65,2026-05-19,I10
CLM103095,PAT1830,PRV145,4525.08,2026-02-10,Z00.00
CLM103096,PAT1472,PRV185,9744.48,2026-07-04,INVALID_CODE
CLM103097,PAT1825,PRV227,3646.83,2026-03-01,M25.50
CLM103098,PAT1210,PRV169,13384.43,2026-05-26,Z00.00
CLM103099,PAT1118,PRV160,10326.05,2026-01-25,Z00.00
CLM103100,PAT1747,PRV264,11473.5,2026-05-26,J45.909
CLM103101,PAT1418,PRV122,4011.75,2026-04-16,I10
CLM103102,PAT1341,PRV154,1755.62,2026-06-25,J45.909
CLM103103,PAT1491,PRV180,366.86,2026-01-13,I10
CLM103104,PAT1494,PRV126,11596.54,2026-04-06,Z00.00
CLM103105,PAT1383,PRV276,5067.21,2026-01-03,Z00.00
CLM103106,PAT1338,PRV199,12688.05,2026-02-07,Z00.00
CLM103107,PAT1936,PRV134,494.18,2026-05-05,E11.9
CLM103108,PAT1048,PRV180,1732.19,2026-06-10,E11.9
CLM103109,PAT1229,PRV125,4612.72,2026-02-22,Z00.00
CLM103110,PAT1661,PRV237,541.39,2026-03-17,INVALID_CODE
CLM103111,PAT1722,PRV179,3720.33,2026-06-17,Z00.00
CLM103112,PAT1046,PRV100,10794.39,2026-01-02,Z00.00
CLM103113,PAT1585,PRV134,10175.33,2026-05-21,I10
CLM103114,PAT1428,PRV171,2563.74,2026-03-31,J45.909
CLM103115,PAT1863,PRV219,10734.33,2026-02-26,J45.909
CLM103116,PAT1194,PRV263,3504.98,2026-04-06,Z00.00
CLM103117,PAT1752,PRV270,8715.93,2026-04-29,M25.50
CLM103118,PAT1388,PRV109,7430.39,2026-01-09,INVALID_CODE
CLM103119,PAT1779,PRV156,12305.08,2026-05-28,I10
CLM103120,PAT1581,PRV119,3911.22,2026-02-27,INVALID_CODE
CLM103121,PAT1512,PRV209,11572.6,2026-01-25,INVALID_CODE
CLM103122,PAT1053,PRV255,853.66,2026-06-06,M25.50
CLM103123,PAT1418,PRV122,9580.69,2026-06-01,I10
CLM103124,PAT1467,PRV235,9347.05,2026-07-12,I10
CLM103125,PAT1125,PRV203,8083.12,2026-04-05,E11.9
CLM103126,PAT1764,PRV169,7004.31,2026-05-24,Z00.00
CLM103127,PAT1461,PRV165,2335.93,2026-06-13,J45.909
CLM103128,PAT1312,PRV245,13803.71,2026-03-11,J45.909
CLM103129,PAT1974,PRV281,11044.87,2026-03-16,J45.909
CLM103130,PAT1300,PRV207,8042.54,2026-06-13,E11.9
CLM103131,PAT1140,PRV279,8064.45,2026-02-28,J45.909
CLM103132,PAT1150,PRV273,8769.17,2026-01-24,INVALID_CODE
CLM103133,PAT1514,PRV214,8156.49,2026-04-28,M25.50
CLM103134,PAT1582,PRV111,4786.34,2026-02-18,Z00.00
CLM103135,PAT1574,PRV108,5078.7,2026-02-26,Z00.00
CLM103136,PAT1781,PRV100,7814.8,2026-04-08,J45.909
CLM103137,PAT1279,PRV161,3817.61,2026-04-29,E11.9
CLM103138,PAT1825,PRV172,8428.3,2026-05-09,M25.50
CLM103139,PAT1437,PRV272,7306.05,2026-05-18,INVALID_CODE
CLM103140,PAT1562,PRV168,8250.45,2026-04-07,INVALID_CODE
CLM103141,PAT1753,PRV295,278.61,2026-02-20,I10
CLM103142,PAT1471,PRV129,4390.94,2026-02-23,INVALID_CODE
CLM103143,PAT1240,PRV167,6295.07,2026-01-22,Z00.00
CLM103144,PAT1984,PRV273,3454.17,2026-01-06,J45.909
CLM103145,PAT1882,PRV264,5015.31,2026-05-03,J45.909
CLM103146,PAT1774,PRV272,5236.67,2026-03-15,M25.50
CLM103147,PAT1827,PRV278,861.71,2026-01-02,M25.50
CLM103148,PAT1525,PRV213,9750.62,2026-02-18,I10
CLM103149,PAT1782,PRV112,3474.6,2026-05-27,M25.50
CLM103150,PAT1902,PRV235,8586.46,2026-01-08,J45.909
CLM103151,PAT1570,PRV103,7968.33,2026-03-16,I10
CLM103152,PAT1977,PRV205,13672.22,2026-02-21,M25.50
CLM103153,PAT1535,PRV102,2069.87,2026-03-03,I10
CLM103154,PAT1901,PRV156,596.41,2026-01-03,M25.50
CLM103155,PAT1117,PRV129,705.56,2026-03-16,INVALID_CODE
CLM103156,PAT1590,PRV169,2179.68,2026-07-11,I10
CLM103157,PAT1146,PRV271,2760.26,2026-01-07,E11.9
CLM103158,PAT1199,PRV300,1152.82,2026-03-23,J45.909
CLM103159,PAT1627,PRV272,8310.99,2026-06-29,J45.909
CLM103160,PAT1339,PRV205,10217.36,2026-07-03,INVALID_CODE
CLM103161,PAT1377,PRV261,7763.33,2026-05-11,J45.909
CLM103162,PAT1448,PRV147,2986.97,2026-05-17,J45.909
CLM103163,PAT1562,PRV300,11812.59,2026-05-15,INVALID_CODE
CLM103164,PAT1855,PRV171,3743.34,2026-04-22,INVALID_CODE
CLM103165,PAT1247,PRV205,10371.09,2026-03-14,J45.909
CLM103166,PAT1845,PRV117,7485.83,2026-07-19,Z00.00
CLM103167,PAT1628,PRV237,10462.46,2026-05-13,Z00.00
CLM103168,PAT1885,PRV110,11961.78,2026-01-11,E11.9
CLM103169,PAT1093,PRV198,10145.53,2026-04-14,INVALID_CODE
CLM103170,PAT1046,PRV179,12290.8,2026-05-23,J45.909
CLM103171,PAT1811,PRV128,6058.8,2026-03-01,I10
CLM103172,PAT1003,PRV190,6372.39,2026-03-10,INVALID_CODE
CLM103173,PAT1830,PRV238,7479.24,2026-07-07,E11.9
CLM103174,PAT1455,PRV215,6545.95,2026-01-24,M25.50
CLM103175,PAT1616,PRV164,3662.79,2026-01-12,J45.909
CLM103176,PAT1873,PRV120,13222.14,2026-06-30,Z00.00
CLM103177,PAT1023,PRV227,6524.13,2026-04-07,E11.9
CLM103178,PAT1974,PRV172,13464.34,2026-06-11,E11.9
CLM103179,PAT1233,PRV117,3323.31,2026-04-24,J45.909
CLM103180,PAT1978,PRV244,6426.67,2026-04-12,J45.909
CLM103181,PAT1417,PRV276,14091.09,2026-01-29,Z00.00
CLM103182,PAT1787,PRV228,2783.22,2026-01-19,E11.9
CLM103183,PAT1443,PRV186,11827.61,2026-05-17,E11.9
CLM103184,PAT1693,PRV151,7405.03,2026-03-22,Z00.00
CLM103185,PAT1177,PRV213,13476.47,2026-04-14,J45.909
CLM103186,PAT1319,PRV226,3460.94,2026-03-19,M25.50
CLM103187,PAT1673,PRV228,10800.97,2026-05-08,I10
CLM103188,PAT1528,PRV195,7019.07,2026-03-06,INVALID_CODE
CLM103189,PAT1654,PRV141,14136.05,2026-01-02,INVALID_CODE
CLM103190,PAT1440,PRV281,7565.0,2026-03-28,INVALID_CODE
CLM103191,PAT1613,PRV296,8237.41,2026-04-05,I10
CLM103192,PAT1491,PRV235,5695.51,2026-06-18,I10
CLM103193,PAT1283,PRV239,13981.78,2026-01-29,I10
CLM103194,PAT1133,PRV164,12547.3,2026-05-26,Z00.00
CLM103195,PAT1445,PRV242,1030.86,2026-02-25,Z00.00
CLM103196,PAT1047,PRV265,5394.65,2026-06-23,Z00.00
CLM103197,PAT1552,PRV112,4149.98,2026-03-02,I10
CLM103198,PAT1850,PRV154,14564.02,2026-04-05,Z00.00
CLM103199,PAT1900,PRV269,5134.93,2026-02-17,E11.9
CLM103200,PAT1022,PRV222,10332.58,2026-06-30,INVALID_CODE
CLM103201,PAT1408,PRV242,10433.54,2026-03-24,INVALID_CODE
CLM103202,PAT1061,PRV280,7743.93,2026-01-05,Z00.00
CLM103203,PAT1117,PRV122,13573.16,2026-03-18,Z00.00
CLM103204,PAT1521,PRV165,13879.38,2026-02-18,Z00.00
CLM103205,PAT1931,PRV113,833.08,2026-01-26,E11.9
CLM103206,PAT1689,PRV165,14011.55,2026-06-04,M25.50
CLM103207,PAT1983,PRV244,14580.48,2026-01-19,E11.9
CLM103208,PAT1158,PRV288,1777.71,2026-03-06,E11.9
CLM103209,PAT1498,PRV212,7909.78,2026-04-04,J45.909
CLM103210,PAT1543,PRV150,4862.28,2026-05-30,E11.9
CLM103211,PAT1224,PRV130,6970.38,2026-04-01,J45.909
CLM103212,PAT1166,PRV183,6538.16,2026-02-10,E11.9
CLM103213,PAT1532,PRV191,1391.96,2026-01-20,Z00.00
CLM103214,PAT1915,PRV257,10377.96,2026-03-02,Z00.00
CLM103215,PAT1386,PRV258,8276.73,2026-05-03,Z00.00
CLM103216,PAT1295,PRV216,2880.86,2026-01-12,INVALID_CODE
CLM103217,PAT1923,PRV279,4220.49,2026-01-03,INVALID_CODE
CLM103218,PAT1187,PRV190,13105.19,2026-04-18,INVALID_CODE
CLM103219,PAT1291,PRV190,9353.94,2026-05-19,E11.9
CLM103220,PAT1645,PRV250,6539.58,2026-06-20,I10
CLM103221,PAT1609,PRV294,2051.4,2026-02-03,INVALID_CODE
CLM103222,PAT1064,PRV188,12534.98,2026-05-11,M25.50
CLM103223,PAT1152,PRV261,13783.69,2026-01-13,J45.909
CLM103224,PAT1498,PRV279,1748.85,2026-06-17,J45.909
CLM103225,PAT1705,PRV176,6766.5,2026-07-11,Z00.00
CLM103226,PAT1802,PRV253,7462.09,2026-04-05,E11.9
CLM103227,PAT1517,PRV136,14934.03,2026-03-17,Z00.00
CLM103228,PAT1723,PRV183,9026.77,2026-02-23,M25.50
CLM103229,PAT1624,PRV232,5357.04,2026-04-24,E11.9
CLM103230,PAT1538,PRV118,8600.82,2026-02-05,M25.50
CLM103231,PAT1324,PRV236,8687.95,2026-03-01,INVALID_CODE
CLM103232,PAT1388,PRV229,13682.9,2026-06-09,M25.50
CLM103233,PAT1766,PRV255,5378.69,2026-04-26,E11.9
CLM103234,PAT1414,PRV281,11943.23,2026-06-11,J45.909
CLM103235,PAT1319,PRV114,1838.04,2026-05-27,I10
CLM103236,PAT1311,PRV166,11733.55,2026-03-21,INVALID_CODE
CLM103237,PAT1643,PRV112,7237.05,2026-07-09,M25.50
CLM103238,PAT1554,PRV266,5453.13,2026-01-03,E11.9
CLM103239,PAT1800,PRV266,8466.05,2026-01-06,INVALID_CODE
CLM103240,PAT1668,PRV267,2113.66,2026-07-16,M25.50
CLM103241,PAT1424,PRV210,14939.87,2026-04-09,M25.50
CLM103242,PAT1406,PRV251,6479.74,2026-05-09,E11.9
CLM103243,PAT1634,PRV198,11623.14,2026-01-28,INVALID_CODE
CLM103244,PAT1144,PRV165,5953.44,2026-07-16,INVALID_CODE
CLM103245,PAT1691,PRV133,4947.84,2026-07-17,INVALID_CODE
CLM103246,PAT1256,PRV262,13837.81,2026-02-01,Z00.00
CLM103247,PAT1986,PRV258,14608.29,2026-07-01,I10
CLM103248,PAT1821,PRV274,7048.61,2026-03-19,I10
CLM103249,PAT1408,PRV165,12535.21,2026-06-15,I10
CLM103250,PAT1521,PRV198,10653.23,2026-01-24,I10
CLM103251,PAT1057,PRV269,754.36,2026-03-07,I10
CLM103252,PAT1331,PRV240,7255.73,2026-04-14,I10
CLM103253,PAT1454,PRV100,2038.4,2026-04-17,M25.50
CLM103254,PAT1748,PRV267,13155.63,2026-02-13,M25.50
CLM103255,PAT1996,PRV297,6750.07,2026-03-12,I10
CLM103256,PAT1672,PRV223,13630.37,2026-04-05,Z00.00
CLM103257,PAT1333,PRV122,7904.42,2026-02-09,M25.50
CLM103258,PAT1288,PRV289,13389.58,2026-04-25,Z00.00
CLM103259,PAT1480,PRV117,3284.34,2026-03-11,J45.909
CLM103260,PAT1524,PRV171,7173.33,2026-04-05,Z00.00
CLM103261,PAT1943,PRV145,11774.74,2026-03-24,E11.9
CLM103262,PAT1072,PRV263,9089.6,2026-03-05,E11.9
CLM103263,PAT1172,PRV259,5893.76,2026-07-14,Z00.00
CLM103264,PAT1680,PRV182,6285.05,2026-06-30,I10
CLM103265,PAT1388,PRV274,8951.12,2026-03-29,I10
CLM103266,PAT1188,PRV133,7478.1,2026-03-04,I10
CLM103267,PAT1702,PRV228,11433.91,2026-07-16,Z00.00
CLM103268,PAT1823,PRV130,3438.43,2026-05-16,E11.9
CLM103269,PAT1641,PRV214,3677.99,2026-02-25,Z00.00
CLM103270,PAT1472,PRV175,192.39,2026-06-10,J45.909
CLM103271,PAT1515,PRV216,12751.97,2026-01-20,E11.9
CLM103272,PAT1332,PRV204,5529.11,2026-07-02,J45.909
CLM103273,PAT1185,PRV224,7531.9,2026-04-20,INVALID_CODE
CLM103274,PAT1786,PRV276,1119.47,2026-06-11,INVALID_CODE
CLM103275,PAT1267,PRV112,9009.63,2026-05-10,INVALID_CODE
CLM103276,PAT1142,PRV134,10936.1,2026-03-27,I10
CLM103277,PAT1892,PRV104,762.59,2026-02-12,E11.9
CLM103278,PAT1026,PRV129,12768.34,2026-06-14,Z00.00
CLM103279,PAT1040,PRV155,2649.92,2026-02-27,M25.50
CLM103280,PAT1068,PRV200,7130.93,2026-03-14,I10
CLM103281,PAT1466,PRV226,609.75,2026-04-26,I10
CLM103282,PAT1403,PRV106,210.79,2026-02-28,I10
CLM103283,PAT1158,PRV292,5899.53,2026-02-23,M25.50
CLM103284,PAT1057,PRV268,3039.7,2026-04-07,Z00.00
CLM103285,PAT1864,PRV289,10902.47,2026-01-07,E11.9
CLM103286,PAT1974,PRV102,13737.6,2026-06-25,M25.50
CLM103287,PAT1532,PRV194,6364.72,2026-01-31,INVALID_CODE
CLM103288,PAT1594,PRV155,2224.58,2026-03-01,I10
CLM103289,PAT1468,PRV135,13455.53,2026-04-07,E11.9
CLM103290,PAT1939,PRV204,315.4,2026-03-31,E11.9
CLM103291,PAT1701,PRV144,2068.75,2026-01-14,M25.50
CLM103292,PAT1891,PRV254,8849.95,2026-01-06,I10
CLM103293,PAT1780,PRV231,12584.56,2026-04-10,INVALID_CODE
CLM103294,PAT1732,PRV127,11579.5,2026-01-31,INVALID_CODE
CLM103295,PAT1551,PRV270,11902.04,2026-03-13,Z00.00
CLM103296,PAT1667,PRV164,12549.43,2026-04-30,J45.909
CLM103297,PAT1636,PRV151,4510.74,2026-01-01,INVALID_CODE
CLM103298,PAT1155,PRV107,1591.85,2026-04-05,I10
CLM103299,PAT1052,PRV164,3848.21,2026-06-29,INVALID_CODE
CLM103300,PAT1488,PRV158,4402.56,2026-05-14,E11.9
CLM103301,PAT1628,PRV277,8520.59,2026-02-11,I10
CLM103302,PAT1621,PRV123,5543.1,2026-03-11,INVALID_CODE
CLM103303,PAT1819,PRV134,11709.83,2026-05-28,M25.50
CLM103304,PAT1220,PRV283,3783.74,2026-01-26,Z00.00
CLM103305,PAT1737,PRV250,10701.47,2026-06-10,INVALID_CODE
CLM103306,PAT1707,PRV193,6190.94,2026-05-15,Z00.00
CLM103307,PAT1959,PRV157,5996.83,2026-07-03,I10
CLM103308,PAT1021,PRV288,10722.99,2026-01-10,E11.9
CLM103309,PAT1547,PRV234,3570.7,2026-04-06,M25.50
CLM103310,PAT1489,PRV129,5244.44,2026-06-03,Z00.00
CLM103311,PAT1410,PRV121,8427.67,2026-06-21,Z00.00
CLM103312,PAT1517,PRV283,380.95,2026-06-25,Z00.00
CLM103313,PAT1766,PRV264,10277.4,2026-01-06,M25.50
CLM103314,PAT1998,PRV296,2994.13,2026-03-28,Z00.00
CLM103315,PAT1028,PRV239,7344.09,2026-04-23,J45.909
CLM103316,PAT1962,PRV202,1269.73,2026-02-15,E11.9
CLM103317,PAT1853,PRV141,9409.31,2026-05-30,M25.50
CLM103318,PAT1000,PRV169,7812.3,2026-03-13,M25.50
CLM103319,PAT1172,PRV279,9718.0,2026-04-04,Z00.00
CLM103320,PAT1098,PRV244,14624.83,2026-04-11,J45.909
CLM103321,PAT1813,PRV193,7522.37,2026-04-14,J45.909
CLM103322,PAT1322,PRV227,771.48,2026-06-25,I10
CLM103323,PAT1030,PRV220,5861.04,2026-06-19,E11.9
CLM103324,PAT1670,PRV148,14239.45,2026-01-30,Z00.00
CLM103325,PAT1734,PRV117,2956.74,2026-05-28,I10
CLM103326,PAT1911,PRV273,11226.9,2026-02-09,I10
CLM103327,PAT1190,PRV160,8292.18,2026-05-29,M25.50
CLM103328,PAT1435,PRV145,10570.24,2026-06-02,Z00.00
CLM103329,PAT1143,PRV259,3194.44,2026-03-19,Z00.00
CLM103330,PAT1917,PRV221,6717.38,2026-05-24,Z00.00
CLM103331,PAT1157,PRV226,4151.3,2026-02-12,J45.909
CLM103332,PAT1529,PRV246,1063.57,2026-01-24,E11.9
CLM103333,PAT1581,PRV118,12991.82,2026-06-15,M25.50
CLM103334,PAT1109,PRV234,4611.89,2026-04-10,Z00.00
CLM103335,PAT1597,PRV184,6824.51,2026-04-15,E11.9
CLM103336,PAT1639,PRV269,11345.83,2026-05-30,E11.9
CLM103337,PAT1682,PRV192,7068.92,2026-05-26,J45.909
CLM103338,PAT1463,PRV177,7555.1,2026-03-26,INVALID_CODE
CLM103339,PAT1984,PRV192,468.13,2026-06-06,Z00.00
CLM103340,PAT1618,PRV220,14393.43,2026-02-08,M25.50
CLM103341,PAT1458,PRV267,14921.07,2026-05-09,Z00.00
CLM103342,PAT1851,PRV241,9856.0,2026-06-18,INVALID_CODE
CLM103343,PAT1221,PRV154,11125.87,2026-04-30,INVALID_CODE
CLM103344,PAT1382,PRV270,5338.95,2026-06-10,E11.9
CLM103345,PAT1896,PRV159,1749.32,2026-05-05,Z00.00
CLM103346,PAT1221,PRV263,5974.51,2026-01-30,INVALID_CODE
CLM103347,PAT1839,PRV127,7194.52,2026-06-03,INVALID_CODE
CLM103348,PAT1141,PRV164,10622.44,2026-01-03,M25.50
CLM103349,PAT1500,PRV290,3342.74,2026-05-25,I10
CLM103350,PAT1623,PRV235,4462.72,2026-04-01,Z00.00
CLM103351,PAT1070,PRV251,7089.26,2026-07-09,M25.50
CLM103352,PAT1439,PRV155,6026.99,2026-05-05,M25.50
CLM103353,PAT1730,PRV127,11736.79,2026-07-11,E11.9
CLM103354,PAT1905,PRV101,1009.65,2026-05-25,I10
CLM103355,PAT1762,PRV248,4027.69,2026-02-18,Z00.00
CLM103356,PAT1348,PRV223,8977.76,2026-03-02,INVALID_CODE
CLM103357,PAT1668,PRV265,10538.93,2026-01-12,I10
CLM103358,PAT1286,PRV288,881.19,2026-02-02,J45.909
CLM103359,PAT1714,PRV212,12565.4,2026-03-16,E11.9
CLM103360,PAT1112,PRV234,3100.75,2026-01-25,INVALID_CODE
CLM103361,PAT1332,PRV261,13993.06,2026-05-06,E11.9
CLM103362,PAT1941,PRV219,8915.3,2026-01-21,J45.909
CLM103363,PAT1213,PRV205,729.64,2026-05-17,E11.9
CLM103364,PAT1506,PRV180,8270.52,2026-06-07,M25.50
CLM103365,PAT1843,PRV142,4389.33,2026-01-24,E11.9
CLM103366,PAT1357,PRV243,6589.09,2026-04-04,I10
CLM103367,PAT1299,PRV213,11409.45,2026-02-15,I10
CLM103368,PAT1084,PRV149,228.64,2026-02-14,J45.909
CLM103369,PAT1664,PRV224,9545.73,2026-01-10,M25.50
CLM103370,PAT1927,PRV117,10554.8,2026-05-13,E11.9
CLM103371,PAT1701,PRV113,8582.33,2026-02-12,INVALID_CODE
CLM103372,PAT1210,PRV166,7813.86,2026-03-02,J45.909
CLM103373,PAT1991,PRV274,2261.51,2026-07-01,I10
CLM103374,PAT1563,PRV130,3379.7,2026-05-14,M25.50
CLM103375,PAT1062,PRV201,7440.48,2026-07-03,I10
CLM103376,PAT1053,PRV219,8616.3,2026-05-31,E11.9
CLM103377,PAT1886,PRV231,11483.58,2026-03-07,M25.50
CLM103378,PAT1614,PRV129,11581.69,2026-03-24,M25.50
CLM103379,PAT1007,PRV159,2680.36,2026-04-17,M25.50
CLM103380,PAT1996,PRV133,4273.79,2026-05-15,J45.909
CLM103381,PAT1034,PRV195,8192.61,2026-05-14,Z00.00
CLM103382,PAT1409,PRV260,541.35,2026-01-06,Z00.00
CLM103383,PAT1459,PRV299,13007.83,2026-02-18,INVALID_CODE
CLM103384,PAT1494,PRV126,4203.62,2026-02-18,M25.50
CLM103385,PAT1672,PRV161,13537.77,2026-06-25,M25.50
CLM103386,PAT1324,PRV213,13980.89,2026-03-07,J45.909
CLM103387,PAT1124,PRV242,13066.84,2026-01-03,INVALID_CODE
CLM103388,PAT1623,PRV103,14530.22,2026-05-05,M25.50
CLM103389,PAT1124,PRV204,3220.65,2026-01-04,I10
CLM103390,PAT1885,PRV294,4464.85,2026-03-19,INVALID_CODE
CLM103391,PAT1062,PRV209,206.87,2026-02-11,I10
CLM103392,PAT1887,PRV204,10699.75,2026-06-05,J45.909
CLM103393,PAT1737,PRV210,3777.21,2026-04-27,I10
CLM103394,PAT1674,PRV227,10678.57,2026-04-11,Z00.00
CLM103395,PAT1106,PRV155,2409.46,2026-07-16,INVALID_CODE
CLM103396,PAT1321,PRV153,6466.14,2026-02-17,I10
CLM103397,PAT1512,PRV142,12632.47,2026-07-09,INVALID_CODE
CLM103398,PAT1548,PRV225,5071.23,2026-04-05,INVALID_CODE
CLM103399,PAT1752,PRV191,6444.38,2026-04-22,J45.909
CLM103400,PAT1789,PRV226,11929.51,2026-06-29,INVALID_CODE
CLM103401,PAT1834,PRV231,11193.84,2026-03-25,J45.909
CLM103402,PAT1157,PRV156,2420.91,2026-03-11,E11.9
CLM103403,PAT1724,PRV279,4233.81,2026-06-16,Z00.00
CLM103404,PAT1335,PRV192,14213.32,2026-07-06,I10
CLM103405,PAT1410,PRV136,12848.35,2026-06-17,INVALID_CODE
CLM103406,PAT1559,PRV159,1360.81,2026-01-25,M25.50
CLM103407,PAT1436,PRV178,7187.39,2026-03-04,J45.909
CLM103408,PAT1600,PRV274,714.09,2026-05-26,Z00.00
CLM103409,PAT1225,PRV245,10138.9,2026-02-26,INVALID_CODE
CLM103410,PAT1188,PRV158,13181.42,2026-03-14,J45.909
CLM103411,PAT1894,PRV123,4881.47,2026-07-07,Z00.00
CLM103412,PAT1977,PRV185,5520.74,2026-07-05,J45.909
CLM103413,PAT1067,PRV225,5740.36,2026-02-14,J45.909
CLM103414,PAT1284,PRV209,755.01,2026-01-19,E11.9
CLM103415,PAT1527,PRV172,10354.69,2026-04-19,E11.9
CLM103416,PAT1573,PRV220,7039.62,2026-04-08,I10
CLM103417,PAT1062,PRV153,1791.35,2026-01-20,Z00.00
CLM103418,PAT1871,PRV111,9747.5,2026-07-11,INVALID_CODE
CLM103419,PAT1035,PRV143,11183.22,2026-07-16,INVALID_CODE
CLM103420,PAT1999,PRV150,7806.49,2026-06-06,M25.50
CLM103421,PAT1565,PRV273,12234.03,2026-04-18,INVALID_CODE
CLM103422,PAT1355,PRV191,14195.25,2026-06-07,I10
CLM103423,PAT1458,PRV223,1222.85,2026-07-14,M25.50
CLM103424,PAT1529,PRV252,2690.57,2026-01-30,E11.9
CLM103425,PAT1206,PRV149,2107.14,2026-03-28,M25.50
CLM103426,PAT1876,PRV143,6758.37,2026-04-03,Z00.00
CLM103427,PAT1951,PRV258,12643.31,2026-06-22,M25.50
CLM103428,PAT1129,PRV107,14773.96,2026-01-01,I10
CLM103429,PAT1260,PRV284,14086.85,2026-04-17,M25.50
CLM103430,PAT1779,PRV286,13800.53,2026-05-12,Z00.00
CLM103431,PAT1303,PRV238,11667.23,2026-02-10,I10
CLM103432,PAT1032,PRV261,8937.57,2026-07-15,E11.9
CLM103433,PAT1543,PRV165,2357.89,2026-05-28,E11.9
CLM103434,PAT1326,PRV260,5251.11,2026-05-22,I10
CLM103435,PAT1951,PRV205,2231.33,2026-07-15,M25.50
CLM103436,PAT1207,PRV244,3677.46,2026-04-22,J45.909
CLM103437,PAT1698,PRV130,635.82,2026-03-14,J45.909
CLM103438,PAT1288,PRV244,10671.5,2026-03-13,J45.909
CLM103439,PAT1511,PRV124,13075.48,2026-04-09,M25.50
CLM103440,PAT1912,PRV108,13276.22,2026-03-14,Z00.00
CLM103441,PAT1341,PRV227,1934.6,2026-03-27,E11.9
CLM103442,PAT1739,PRV240,7889.84,2026-07-16,J45.909
CLM103443,PAT1582,PRV293,1760.1,2026-01-29,E11.9
CLM103444,PAT1823,PRV124,6239.98,2026-01-20,E11.9
CLM103445,PAT1639,PRV299,8633.38,2026-01-05,INVALID_CODE
CLM103446,PAT1913,PRV292,2040.24,2026-06-29,I10
CLM103447,PAT1838,PRV152,4740.82,2026-05-12,Z00.00
CLM103448,PAT1956,PRV151,9671.36,2026-02-20,M25.50
CLM103449,PAT1798,PRV298,11235.71,2026-01-25,E11.9
CLM103450,PAT1352,PRV244,3422.47,2026-02-22,Z00.00
CLM103451,PAT1040,PRV159,8693.54,2026-07-09,Z00.00
CLM103452,PAT1576,PRV180,4241.6,2026-01-19,M25.50
CLM103453,PAT1291,PRV138,1068.63,2026-02-01,Z00.00
CLM103454,PAT1830,PRV287,8088.76,2026-04-06,J45.909
CLM103455,PAT1536,PRV199,10216.82,2026-06-10,I10
CLM103456,PAT1566,PRV136,11416.22,2026-05-10,I10
CLM103457,PAT1501,PRV244,1619.91,2026-01-02,M25.50
CLM103458,PAT1509,PRV157,7298.21,2026-05-10,J45.909
CLM103459,PAT1783,PRV211,3078.69,2026-03-07,INVALID_CODE
CLM103460,PAT1656,PRV220,11618.42,2026-02-25,I10
CLM103461,PAT1710,PRV250,3998.99,2026-07-20,E11.9
CLM103462,PAT1749,PRV112,413.66,2026-06-26,Z00.00
CLM103463,PAT1082,PRV273,5921.4,2026-07-11,M25.50
CLM103464,PAT1050,PRV121,9390.98,2026-04-17,E11.9
CLM103465,PAT1694,PRV165,12032.8,2026-05-22,M25.50
CLM103466,PAT1466,PRV222,2196.3,2026-06-17,M25.50
CLM103467,PAT1276,PRV254,2354.16,2026-05-27,I10
CLM103468,PAT1528,PRV193,9963.81,2026-05-19,M25.50
CLM103469,PAT1650,PRV131,10033.01,2026-04-21,E11.9
CLM103470,PAT1428,PRV234,7186.29,2026-04-01,INVALID_CODE
CLM103471,PAT1844,PRV128,14239.68,2026-06-22,J45.909
CLM103472,PAT1868,PRV195,2339.95,2026-04-05,INVALID_CODE
CLM103473,PAT1526,PRV112,3030.5,2026-04-01,I10
CLM103474,PAT1366,PRV236,11775.26,2026-01-10,M25.50
CLM103475,PAT1218,PRV298,13664.78,2026-04-23,I10
CLM103476,PAT1766,PRV104,10978.61,2026-01-19,M25.50
CLM103477,PAT1372,PRV272,1828.76,2026-07-15,M25.50
CLM103478,PAT1831,PRV122,10217.86,2026-03-27,M25.50
CLM103479,PAT1292,PRV219,356.56,2026-04-15,Z00.00
CLM103480,PAT1128,PRV211,4618.6,2026-03-11,INVALID_CODE
CLM103481,PAT1145,PRV276,2518.88,2026-01-26,M25.50
CLM103482,PAT1691,PRV155,5626.06,2026-06-12,M25.50
CLM103483,PAT1625,PRV233,12850.12,2026-03-10,Z00.00
CLM103484,PAT1905,PRV273,8250.41,2026-03-28,I10
CLM103485,PAT1493,PRV296,12106.24,2026-06-29,M25.50
CLM103486,PAT1291,PRV181,3426.04,2026-03-06,INVALID_CODE
CLM103487,PAT1363,PRV276,12703.24,2026-02-02,Z00.00
CLM103488,PAT1837,PRV160,11140.52,2026-07-02,Z00.00
CLM103489,PAT1246,PRV169,13991.29,2026-03-29,INVALID_CODE
CLM103490,PAT1009,PRV159,1148.04,2026-02-15,E11.9
CLM103491,PAT1836,PRV173,3521.76,2026-02-18,I10
CLM103492,PAT1101,PRV100,1160.87,2026-05-21,J45.909
CLM103493,PAT1328,PRV293,9829.04,2026-01-06,J45.909
CLM103494,PAT1592,PRV131,10999.74,2026-01-20,M25.50
CLM103495,PAT1019,PRV234,378.46,2026-05-09,INVALID_CODE
CLM103496,PAT1758,PRV199,2172.19,2026-03-15,E11.9
CLM103497,PAT1069,PRV284,2133.3,2026-01-02,Z00.00
CLM103498,PAT1797,PRV255,12811.69,2026-04-05,E11.9
CLM103499,PAT1252,PRV194,8907.51,2026-03-22,I10
CLM103500,PAT1838,PRV176,372.17,2026-01-08,Z00.00
CLM103501,PAT1431,PRV167,10218.71,2026-06-02,I10
CLM103502,PAT1257,PRV289,1710.02,2026-07-10,E11.9
CLM103503,PAT1915,PRV191,3946.07,2026-02-16,Z00.00
CLM103504,PAT1128,PRV104,7709.26,2026-04-27,M25.50
CLM103505,PAT1780,PRV113,7615.99,2026-01-07,INVALID_CODE
CLM103506,PAT1842,PRV203,12849.56,2026-01-21,I10
CLM103507,PAT1916,PRV149,5452.67,2026-03-04,I10
CLM103508,PAT1453,PRV245,10892.38,2026-01-18,INVALID_CODE
CLM103509,PAT1420,PRV105,1249.11,2026-05-13,INVALID_CODE
CLM103510,PAT1892,PRV105,8352.67,2026-05-14,INVALID_CODE
CLM103511,PAT1423,PRV277,4367.26,2026-03-09,J45.909
CLM103512,PAT1892,PRV267,3763.8,2026-07-02,INVALID_CODE
CLM103513,PAT1101,PRV144,7778.76,2026-06-13,J45.909
CLM103514,PAT1325,PRV260,10707.64,2026-04-07,Z00.00
CLM103515,PAT1719,PRV254,10250.42,2026-05-31,J45.909
CLM103516,PAT1317,PRV289,7853.98,2026-04-08,E11.9
CLM103517,PAT1178,PRV211,3963.18,2026-05-19,E11.9
CLM103518,PAT1973,PRV236,5751.29,2026-01-28,E11.9
CLM103519,PAT1432,PRV162,811.71,2026-07-12,INVALID_CODE
CLM103520,PAT1566,PRV188,5460.79,2026-02-17,Z00.00
CLM103521,PAT1919,PRV191,3239.79,2026-03-04,I10
CLM103522,PAT1140,PRV155,1944.16,2026-04-09,Z00.00
CLM103523,PAT1968,PRV213,2896.88,2026-05-26,I10
CLM103524,PAT1818,PRV105,11360.88,2026-03-20,J45.909
CLM103525,PAT1709,PRV144,13835.9,2026-04-20,J45.909
CLM103526,PAT1415,PRV223,5332.63,2026-01-07,Z00.00
CLM103527,PAT1110,PRV207,11350.2,2026-01-09,I10
CLM103528,PAT1092,PRV203,3594.73,2026-06-04,J45.909
CLM103529,PAT1873,PRV171,6398.0,2026-07-06,I10
CLM103530,PAT1999,PRV199,12510.28,2026-03-30,INVALID_CODE
CLM103531,PAT1186,PRV189,12836.63,2026-07-13,I10
CLM103532,PAT1995,PRV149,10490.91,2026-04-21,M25.50
CLM103533,PAT1396,PRV158,4252.93,2026-06-08,I10
CLM103534,PAT1124,PRV171,8405.07,2026-01-08,M25.50
CLM103535,PAT1340,PRV233,2427.26,2026-03-01,M25.50
CLM103536,PAT1216,PRV204,1996.77,2026-05-23,J45.909
CLM103537,PAT1123,PRV263,1023.15,2026-04-06,Z00.00
CLM103538,PAT1952,PRV153,3470.07,2026-06-11,E11.9
CLM103539,PAT1362,PRV231,8703.78,2026-07-15,E11.9
CLM103540,PAT1836,PRV116,2398.1,2026-04-27,E11.9
CLM103541,PAT1160,PRV207,5482.6,2026-01-03,E11.9
CLM103542,PAT1699,PRV147,9488.32,2026-02-04,Z00.00
CLM103543,PAT1106,PRV261,9539.6,2026-04-26,Z00.00
CLM103544,PAT1321,PRV218,1736.37,2026-06-09,INVALID_CODE
CLM103545,PAT1028,PRV293,11094.7,2026-03-12,M25.50
CLM103546,PAT1230,PRV186,2265.96,2026-01-17,Z00.00
CLM103547,PAT1189,PRV133,1027.45,2026-03-23,I10
CLM103548,PAT1364,PRV199,12796.61,2026-03-07,E11.9
CLM103549,PAT1571,PRV151,9119.33,2026-04-30,Z00.00
CLM103550,PAT1072,PRV117,3392.63,2026-06-02,M25.50
CLM103551,PAT1297,PRV235,12163.02,2026-02-07,INVALID_CODE
CLM103552,PAT1084,PRV170,11491.32,2026-01-19,M25.50
CLM103553,PAT1510,PRV172,8436.06,2026-04-19,Z00.00
CLM103554,PAT1641,PRV154,8584.64,2026-02-25,INVALID_CODE
CLM103555,PAT1140,PRV120,7836.16,2026-02-21,M25.50
CLM103556,PAT1721,PRV157,14136.23,2026-06-25,INVALID_CODE
CLM103557,PAT1477,PRV209,1040.18,2026-06-24,M25.50
CLM103558,PAT1644,PRV173,14930.72,2026-04-20,INVALID_CODE
CLM103559,PAT1776,PRV184,6179.29,2026-03-06,E11.9
CLM103560,PAT1615,PRV298,8484.62,2026-01-26,E11.9
CLM103561,PAT1845,PRV206,4798.36,2026-07-17,INVALID_CODE
CLM103562,PAT1725,PRV164,10187.13,2026-06-03,J45.909
CLM103563,PAT1135,PRV168,3827.14,2026-07-03,INVALID_CODE
CLM103564,PAT1361,PRV129,7976.73,2026-01-26,Z00.00
CLM103565,PAT1482,PRV118,9499.97,2026-05-24,M25.50
CLM103566,PAT1454,PRV181,1454.84,2026-03-07,INVALID_CODE
CLM103567,PAT1219,PRV102,3087.98,2026-06-14,E11.9
CLM103568,PAT1063,PRV290,13267.24,2026-06-29,J45.909
CLM103569,PAT1363,PRV104,4430.36,2026-01-06,J45.909
CLM103570,PAT1570,PRV124,5070.87,2026-06-21,Z00.00
CLM103571,PAT1431,PRV104,14230.18,2026-05-29,J45.909
CLM103572,PAT1492,PRV206,8531.37,2026-01-07,J45.909
CLM103573,PAT1133,PRV146,2084.39,2026-02-18,J45.909
CLM103574,PAT1294,PRV148,7855.48,2026-06-24,J45.909
CLM103575,PAT1252,PRV134,10241.4,2026-02-23,E11.9
CLM103576,PAT1685,PRV245,6914.16,2026-04-17,I10
CLM103577,PAT1936,PRV203,14488.7,2026-03-18,INVALID_CODE
CLM103578,PAT1216,PRV264,11844.32,2026-02-19,E11.9
CLM103579,PAT1234,PRV104,10833.38,2026-02-10,INVALID_CODE
CLM103580,PAT1751,PRV246,4611.42,2026-02-02,Z00.00
CLM103581,PAT1057,PRV271,2816.83,2026-03-01,E11.9
CLM103582,PAT1594,PRV292,5632.65,2026-07-01,INVALID_CODE
CLM103583,PAT1689,PRV162,8614.65,2026-06-03,INVALID_CODE
CLM103584,PAT1548,PRV293,7156.48,2026-04-15,Z00.00
CLM103585,PAT1014,PRV294,2181.97,2026-04-24,E11.9
CLM103586,PAT1681,PRV109,14948.24,2026-06-18,J45.909
CLM103587,PAT1138,PRV192,9062.45,2026-06-22,INVALID_CODE
CLM103588,PAT1857,PRV105,11335.23,2026-01-13,J45.909
CLM103589,PAT1373,PRV212,9975.6,2026-01-11,Z00.00
CLM103590,PAT1742,PRV237,12475.63,2026-04-14,Z00.00
CLM103591,PAT1155,PRV184,6666.23,2026-05-11,M25.50
CLM103592,PAT1703,PRV148,6807.12,2026-05-30,I10
CLM103593,PAT1733,PRV247,7999.7,2026-01-16,J45.909
CLM103594,PAT1929,PRV171,7678.59,2026-05-13,E11.9
CLM103595,PAT1528,PRV108,2382.97,2026-01-07,J45.909
CLM103596,PAT1093,PRV264,14215.1,2026-05-14,Z00.00
CLM103597,PAT1892,PRV190,9776.93,2026-04-28,I10
CLM103598,PAT1269,PRV143,14695.5,2026-03-04,INVALID_CODE
CLM103599,PAT1751,PRV139,5902.67,2026-02-28,E11.9
CLM103600,PAT1401,PRV164,5894.3,2026-07-17,INVALID_CODE
CLM103601,PAT1791,PRV161,13581.04,2026-05-02,J45.909
CLM103602,PAT1538,PRV118,13148.75,2026-01-29,INVALID_CODE
CLM103603,PAT1141,PRV148,6561.04,2026-05-11,M25.50
CLM103604,PAT1084,PRV252,14022.7,2026-04-11,M25.50
CLM103605,PAT1197,PRV291,10740.33,2026-03-01,M25.50
CLM103606,PAT1657,PRV125,2434.92,2026-01-08,E11.9
CLM103607,PAT1749,PRV289,9617.59,2026-07-15,I10
CLM103608,PAT1163,PRV185,14302.52,2026-05-09,E11.9
CLM103609,PAT1430,PRV157,13465.71,2026-06-14,M25.50
CLM103610,PAT1989,PRV157,9207.87,2026-01-07,M25.50
CLM103611,PAT1725,PRV176,3704.95,2026-04-24,E11.9
CLM103612,PAT1510,PRV296,13934.73,2026-03-29,I10
CLM103613,PAT1918,PRV271,1575.88,2026-01-11,M25.50
CLM103614,PAT1188,PRV137,926.76,2026-04-23,I10
CLM103615,PAT1175,PRV298,10884.25,2026-05-01,I10
CLM103616,PAT1086,PRV152,7987.58,2026-03-27,I10
CLM103617,PAT1374,PRV125,13881.09,2026-02-21,M25.50
CLM103618,PAT1793,PRV202,5368.13,2026-03-22,Z00.00
CLM103619,PAT1838,PRV258,10208.29,2026-06-24,I10
CLM103620,PAT1081,PRV182,10030.57,2026-02-05,Z00.00
CLM103621,PAT1837,PRV136,12147.5,2026-04-26,I10
CLM103622,PAT1136,PRV274,5550.69,2026-07-16,J45.909
CLM103623,PAT1176,PRV138,8325.81,2026-04-30,J45.909
CLM103624,PAT1749,PRV257,10502.71,2026-01-31,M25.50
CLM103625,PAT1021,PRV291,6649.04,2026-07-13,J45.909
CLM103626,PAT1312,PRV119,557.11,2026-07-19,I10
CLM103627,PAT1295,PRV297,6749.83,2026-01-16,INVALID_CODE
CLM103628,PAT1559,PRV206,7253.15,2026-01-15,E11.9
CLM103629,PAT1350,PRV221,3750.14,2026-04-10,INVALID_CODE
CLM103630,PAT1321,PRV190,2917.55,2026-06-27,Z00.00
CLM103631,PAT1662,PRV269,2833.2,2026-05-28,INVALID_CODE
CLM103632,PAT1161,PRV270,10755.6,2026-01-27,J45.909
CLM103633,PAT1111,PRV239,4829.04,2026-03-05,Z00.00
CLM103634,PAT1223,PRV154,8748.96,2026-01-03,J45.909
CLM103635,PAT1526,PRV290,14839.33,2026-07-13,M25.50
CLM103636,PAT1103,PRV229,8925.98,2026-01-29,Z00.00
CLM103637,PAT1935,PRV205,5179.53,2026-06-12,M25.50
CLM103638,PAT1478,PRV129,4299.22,2026-07-03,INVALID_CODE
CLM103639,PAT1248,PRV199,11705.07,2026-05-27,M25.50
CLM103640,PAT1010,PRV160,10410.0,2026-05-13,I10
CLM103641,PAT1049,PRV139,13358.75,2026-04-21,I10
CLM103642,PAT1926,PRV200,3127.91,2026-05-07,M25.50
CLM103643,PAT1993,PRV129,4689.41,2026-01-08,E11.9
CLM103644,PAT1836,PRV297,6428.32,2026-05-31,I10
CLM103645,PAT1330,PRV224,10940.83,2026-03-07,M25.50
CLM103646,PAT1812,PRV236,1556.97,2026-04-12,E11.9
CLM103647,PAT1986,PRV173,11928.39,2026-03-01,J45.909
CLM103648,PAT1178,PRV222,11408.1,2026-04-15,I10
CLM103649,PAT1289,PRV103,13547.1,2026-02-09,I10
CLM103650,PAT1044,PRV209,2455.64,2026-01-01,M25.50
CLM103651,PAT1855,PRV193,3039.28,2026-02-28,E11.9
CLM103652,PAT1331,PRV299,2072.25,2026-01-21,Z00.00
CLM103653,PAT1843,PRV280,14834.29,2026-04-12,I10
CLM103654,PAT1080,PRV219,13658.33,2026-02-28,I10
CLM103655,PAT1795,PRV236,7816.4,2026-04-18,J45.909
CLM103656,PAT1546,PRV196,9299.7,2026-03-21,E11.9
CLM103657,PAT1636,PRV223,3494.89,2026-03-10,I10
CLM103658,PAT1643,PRV120,2809.55,2026-01-08,Z00.00
CLM103659,PAT1784,PRV127,13577.46,2026-06-17,E11.9
CLM103660,PAT1580,PRV152,11997.67,2026-06-12,E11.9
CLM103661,PAT1756,PRV236,3496.17,2026-05-19,INVALID_CODE
CLM103662,PAT1221,PRV150,6751.11,2026-03-12,E11.9
CLM103663,PAT1157,PRV209,13829.9,2026-01-15,M25.50
CLM103664,PAT1902,PRV125,9940.16,2026-05-26,J45.909
CLM103665,PAT1551,PRV164,6108.35,2026-02-21,J45.909
CLM103666,PAT1815,PRV146,8890.62,2026-06-11,E11.9
CLM103667,PAT1336,PRV133,6867.5,2026-05-24,E11.9
CLM103668,PAT1131,PRV204,1717.18,2026-01-15,INVALID_CODE
CLM103669,PAT1439,PRV291,3195.46,2026-03-28,INVALID_CODE
CLM103670,PAT1286,PRV188,11953.49,2026-07-11,M25.50
CLM103671,PAT1993,PRV197,5085.4,2026-03-19,M25.50
CLM103672,PAT1178,PRV219,14984.04,2026-06-06,E11.9
CLM103673,PAT1223,PRV229,2409.67,2026-02-10,M25.50
CLM103674,PAT1815,PRV177,7335.43,2026-01-25,Z00.00
CLM103675,PAT1683,PRV293,7691.48,2026-04-01,E11.9
CLM103676,PAT1842,PRV262,6731.16,2026-04-24,Z00.00
CLM103677,PAT1710,PRV206,11265.9,2026-07-10,INVALID_CODE
CLM103678,PAT1026,PRV167,1960.17,2026-04-06,I10
CLM103679,PAT1269,PRV214,5913.99,2026-04-13,E11.9
CLM103680,PAT1730,PRV281,9716.75,2026-07-16,Z00.00
CLM103681,PAT1152,PRV285,6301.47,2026-05-21,INVALID_CODE
CLM103682,PAT1932,PRV253,9785.77,2026-05-13,J45.909
CLM103683,PAT1086,PRV224,12610.11,2026-02-26,I10
CLM103684,PAT1198,PRV151,11724.57,2026-01-19,I10
CLM103685,PAT1049,PRV254,8589.23,2026-01-30,Z00.00
CLM103686,PAT1543,PRV231,2824.05,2026-06-27,M25.50
CLM103687,PAT1513,PRV261,8917.68,2026-03-30,I10
CLM103688,PAT1083,PRV200,11354.31,2026-03-22,E11.9
CLM103689,PAT1402,PRV131,9996.03,2026-01-01,INVALID_CODE
CLM103690,PAT1759,PRV155,5402.12,2026-04-13,M25.50
CLM103691,PAT1964,PRV157,4077.65,2026-06-04,Z00.00
CLM103692,PAT1816,PRV277,13422.57,2026-07-03,Z00.00
CLM103693,PAT1228,PRV215,8184.11,2026-06-08,E11.9
CLM103694,PAT1703,PRV182,3564.56,2026-06-21,I10
CLM103695,PAT1366,PRV297,3546.72,2026-02-18,J45.909
CLM103696,PAT1592,PRV186,7038.6,2026-05-12,Z00.00
CLM103697,PAT1376,PRV242,6770.06,2026-01-31,J45.909
CLM103698,PAT1312,PRV197,214.26,2026-07-08,Z00.00
CLM103699,PAT1348,PRV148,457.05,2026-05-11,INVALID_CODE
CLM103700,PAT1780,PRV174,9960.09,2026-03-04,INVALID_CODE
CLM103701,PAT1416,PRV154,891.73,2026-03-13,E11.9
CLM103702,PAT1351,PRV106,4461.66,2026-04-30,E11.9
CLM103703,PAT1612,PRV300,6474.03,2026-05-22,J45.909
CLM103704,PAT1616,PRV131,8217.87,2026-01-03,M25.50
CLM103705,PAT1905,PRV291,219.26,2026-03-04,Z00.00
CLM103706,PAT1911,PRV163,8212.35,2026-07-01,M25.50
CLM103707,PAT1034,PRV149,3424.4,2026-05-24,Z00.00
CLM103708,PAT1493,PRV167,8350.93,2026-06-24,I10
CLM103709,PAT1084,PRV192,1574.61,2026-04-03,M25.50
CLM103710,PAT1559,PRV232,12958.95,2026-01-15,J45.909
CLM103711,PAT1969,PRV262,9793.59,2026-02-09,J45.909
CLM103712,PAT1947,PRV151,11586.42,2026-01-31,Z00.00
CLM103713,PAT1565,PRV125,9567.4,2026-07-02,I10
CLM103714,PAT1607,PRV113,2700.95,2026-04-12,E11.9
CLM103715,PAT1862,PRV272,10524.53,2026-05-22,M25.50
CLM103716,PAT1833,PRV230,8631.55,2026-01-22,J45.909
CLM103717,PAT1147,PRV219,9444.01,2026-03-10,E11.9
CLM103718,PAT1267,PRV160,1013.34,2026-05-31,J45.909
CLM103719,PAT1373,PRV160,2863.72,2026-04-19,E11.9
CLM103720,PAT1827,PRV245,12306.76,2026-02-07,J45.909
CLM103721,PAT1447,PRV282,10094.97,2026-05-31,J45.909
CLM103722,PAT1879,PRV206,11351.65,2026-01-31,INVALID_CODE
CLM103723,PAT1928,PRV151,13707.28,2026-05-19,J45.909
CLM103724,PAT1330,PRV259,5384.97,2026-07-17,INVALID_CODE
CLM103725,PAT1475,PRV299,14185.88,2026-01-11,J45.909
CLM103726,PAT1409,PRV119,9346.08,2026-05-11,E11.9
CLM103727,PAT1173,PRV121,14013.38,2026-05-31,Z00.00
CLM103728,PAT1155,PRV195,7247.14,2026-07-16,J45.909
CLM103729,PAT1322,PRV118,13616.45,2026-02-09,INVALID_CODE
CLM103730,PAT1569,PRV134,3241.39,2026-03-12,Z00.00
CLM103731,PAT1470,PRV272,12348.74,2026-04-01,M25.50
CLM103732,PAT1460,PRV165,11742.4,2026-04-08,J45.909
CLM103733,PAT1796,PRV215,9237.14,2026-06-19,INVALID_CODE
CLM103734,PAT1332,PRV293,3091.47,2026-07-02,E11.9
CLM103735,PAT1272,PRV114,14754.67,2026-05-14,J45.909
CLM103736,PAT1021,PRV190,7594.41,2026-06-17,J45.909
CLM103737,PAT1858,PRV163,1970.92,2026-03-23,J45.909
CLM103738,PAT1395,PRV243,2142.59,2026-07-08,M25.50
CLM103739,PAT1634,PRV300,5395.68,2026-03-16,Z00.00
CLM103740,PAT1870,PRV287,1648.42,2026-03-28,I10
CLM103741,PAT1923,PRV173,1717.04,2026-02-20,J45.909
CLM103742,PAT1336,PRV138,9953.59,2026-05-02,Z00.00
CLM103743,PAT1920,PRV291,9607.17,2026-04-24,Z00.00
CLM103744,PAT1020,PRV139,12561.13,2026-04-12,Z00.00
CLM103745,PAT1561,PRV135,4822.08,2026-06-26,J45.909
CLM103746,PAT1272,PRV227,13408.16,2026-07-18,Z00.00
CLM103747,PAT1703,PRV234,12748.43,2026-06-02,I10
CLM103748,PAT1055,PRV160,11914.42,2026-06-05,E11.9
CLM103749,PAT1210,PRV185,12804.8,2026-01-12,INVALID_CODE
CLM103750,PAT1043,PRV251,4082.72,2026-01-30,M25.50
CLM103751,PAT1338,PRV271,9769.63,2026-07-12,Z00.00
CLM103752,PAT1479,PRV132,7823.42,2026-04-30,I10
CLM103753,PAT1543,PRV104,2569.05,2026-02-27,E11.9
CLM103754,PAT1255,PRV227,4687.72,2026-04-12,Z00.00
CLM103755,PAT1608,PRV205,12812.27,2026-05-08,Z00.00
CLM103756,PAT1043,PRV293,2447.6,2026-03-03,Z00.00
CLM103757,PAT1475,PRV294,12922.79,2026-05-15,J45.909
CLM103758,PAT1183,PRV280,5374.91,2026-04-08,J45.909
CLM103759,PAT1597,PRV280,11389.12,2026-07-07,Z00.00
CLM103760,PAT1920,PRV159,14269.15,2026-06-11,INVALID_CODE
CLM103761,PAT1744,PRV117,3754.97,2026-07-06,E11.9
CLM103762,PAT1363,PRV182,6425.15,2026-03-05,E11.9
CLM103763,PAT1164,PRV232,7982.88,2026-04-19,M25.50
CLM103764,PAT1988,PRV104,8883.91,2026-02-11,E11.9
CLM103765,PAT1043,PRV211,11255.89,2026-05-31,M25.50
CLM103766,PAT1413,PRV178,9688.85,2026-03-07,E11.9
CLM103767,PAT1429,PRV115,2445.19,2026-06-06,Z00.00
CLM103768,PAT1729,PRV171,14562.35,2026-04-17,J45.909
CLM103769,PAT1621,PRV253,7131.78,2026-02-18,I10
CLM103770,PAT1529,PRV202,11886.09,2026-02-02,INVALID_CODE
CLM103771,PAT1071,PRV188,12253.43,2026-03-17,Z00.00
CLM103772,PAT1033,PRV230,4992.07,2026-03-20,Z00.00
CLM103773,PAT1091,PRV191,9086.87,2026-02-25,INVALID_CODE
CLM103774,PAT1793,PRV210,9596.18,2026-06-21,E11.9
CLM103775,PAT1523,PRV141,5313.79,2026-07-13,I10
CLM103776,PAT1905,PRV264,5646.12,2026-03-14,M25.50
CLM103777,PAT1698,PRV198,4604.38,2026-03-25,I10
CLM103778,PAT1940,PRV292,6307.61,2026-03-03,I10
CLM103779,PAT1203,PRV142,9860.87,2026-04-06,J45.909
CLM103780,PAT1656,PRV271,7313.64,2026-01-07,M25.50
CLM103781,PAT1823,PRV229,9672.88,2026-04-22,Z00.00
CLM103782,PAT1110,PRV173,10396.31,2026-01-30,Z00.00
CLM103783,PAT1178,PRV198,14944.45,2026-05-29,I10
CLM103784,PAT1046,PRV207,3657.24,2026-01-30,J45.909
CLM103785,PAT1664,PRV233,4849.54,2026-07-17,J45.909
CLM103786,PAT1341,PRV275,9020.6,2026-02-20,Z00.00
CLM103787,PAT1722,PRV265,8749.72,2026-05-05,M25.50
CLM103788,PAT1055,PRV218,13271.13,2026-03-07,I10
CLM103789,PAT1513,PRV162,12002.4,2026-01-20,I10
CLM103790,PAT1172,PRV117,2079.29,2026-06-26,M25.50
CLM103791,PAT1958,PRV247,12005.86,2026-01-13,Z00.00
CLM103792,PAT1293,PRV195,3498.32,2026-01-01,INVALID_CODE
CLM103793,PAT1408,PRV272,10239.2,2026-02-26,INVALID_CODE
CLM103794,PAT1602,PRV253,8308.16,2026-06-12,E11.9
CLM103795,PAT1350,PRV213,8107.56,2026-04-13,E11.9
CLM103796,PAT1858,PRV220,1172.32,2026-01-19,I10
CLM103797,PAT1726,PRV230,1110.94,2026-03-11,INVALID_CODE
CLM103798,PAT1820,PRV127,9116.72,2026-03-17,INVALID_CODE
CLM103799,PAT1053,PRV148,3715.52,2026-01-23,E11.9
CLM103800,PAT1692,PRV164,7750.37,2026-06-21,Z00.00
CLM103801,PAT1628,PRV124,4059.62,2026-01-24,INVALID_CODE
CLM103802,PAT1277,PRV222,3336.66,2026-06-09,M25.50
CLM103803,PAT1420,PRV121,7872.64,2026-05-23,J45.909
CLM103804,PAT1952,PRV202,9114.02,2026-06-10,Z00.00
CLM103805,PAT1776,PRV284,5751.35,2026-02-20,E11.9
CLM103806,PAT1882,PRV131,6417.94,2026-04-26,INVALID_CODE
CLM103807,PAT1382,PRV213,2888.6,2026-01-26,J45.909
CLM103808,PAT1413,PRV163,13063.42,2026-01-24,M25.50
CLM103809,PAT1437,PRV234,12585.83,2026-06-10,INVALID_CODE
CLM103810,PAT1688,PRV101,8678.16,2026-01-11,Z00.00
CLM103811,PAT1178,PRV200,9647.02,2026-06-29,E11.9
CLM103812,PAT1275,PRV110,5463.32,2026-01-03,INVALID_CODE
CLM103813,PAT1056,PRV105,2284.6,2026-05-31,E11.9
CLM103814,PAT1813,PRV256,1962.32,2026-03-15,J45.909
CLM103815,PAT1858,PRV163,13789.53,2026-04-01,Z00.00
CLM103816,PAT1179,PRV151,5678.36,2026-05-05,M25.50
CLM103817,PAT1990,PRV300,212.35,2026-01-01,I10
CLM103818,PAT1492,PRV290,2813.62,2026-02-17,J45.909
CLM103819,PAT1582,PRV161,14682.8,2026-03-10,M25.50
CLM103820,PAT1474,PRV101,10688.73,2026-01-26,Z00.00
CLM103821,PAT1352,PRV202,11091.67,2026-05-26,E11.9
CLM103822,PAT1969,PRV118,9659.6,2026-04-09,I10
CLM103823,PAT1464,PRV171,2807.02,2026-01-06,J45.909
CLM103824,PAT1411,PRV285,10752.85,2026-04-22,Z00.00
CLM103825,PAT1566,PRV158,13012.38,2026-05-29,J45.909
CLM103826,PAT1414,PRV288,10906.46,2026-01-05,J45.909
CLM103827,PAT1750,PRV191,6865.02,2026-04-23,M25.50
CLM103828,PAT1970,PRV230,2335.27,2026-03-07,E11.9
CLM103829,PAT1046,PRV189,6009.96,2026-01-12,Z00.00
CLM103830,PAT1524,PRV133,7501.93,2026-04-13,INVALID_CODE
CLM103831,PAT1786,PRV263,933.93,2026-03-05,J45.909
CLM103832,PAT1053,PRV292,1414.6,2026-07-14,J45.909
CLM103833,PAT1073,PRV196,11302.28,2026-05-08,E11.9
CLM103834,PAT1411,PRV142,9336.29,2026-04-09,E11.9
CLM103835,PAT1101,PRV107,5913.33,2026-04-16,J45.909
CLM103836,PAT1497,PRV112,6538.46,2026-07-16,Z00.00
CLM103837,PAT1652,PRV288,9818.83,2026-07-06,Z00.00
CLM103838,PAT1242,PRV180,11957.01,2026-02-14,I10
CLM103839,PAT1320,PRV113,5789.66,2026-06-01,INVALID_CODE
CLM103840,PAT1137,PRV206,13544.87,2026-02-20,INVALID_CODE
CLM103841,PAT1947,PRV114,589.83,2026-06-19,M25.50
CLM103842,PAT1879,PRV129,6840.88,2026-07-18,I10
CLM103843,PAT1286,PRV229,14121.79,2026-02-06,J45.909
CLM103844,PAT1220,PRV109,14809.29,2026-06-17,J45.909
CLM103845,PAT1812,PRV192,2969.34,2026-05-14,INVALID_CODE
CLM103846,PAT1007,PRV245,6170.35,2026-06-27,Z00.00
CLM103847,PAT1072,PRV145,2977.99,2026-07-03,I10
CLM103848,PAT1250,PRV135,6510.48,2026-02-20,M25.50
CLM103849,PAT1322,PRV270,7776.56,2026-03-13,J45.909
CLM103850,PAT1903,PRV244,1753.38,2026-04-13,M25.50
CLM103851,PAT1795,PRV136,485.78,2026-06-27,E11.9
CLM103852,PAT1934,PRV278,4325.82,2026-03-27,Z00.00
CLM103853,PAT1122,PRV148,8975.93,2026-07-14,I10
CLM103854,PAT1295,PRV256,12730.73,2026-07-01,J45.909
CLM103855,PAT1382,PRV291,13562.05,2026-03-16,I10
CLM103856,PAT1733,PRV201,12402.76,2026-01-30,INVALID_CODE
CLM103857,PAT1960,PRV195,2341.75,2026-03-09,I10
CLM103858,PAT1344,PRV297,4332.66,2026-04-24,J45.909
CLM103859,PAT1946,PRV253,1830.31,2026-02-13,INVALID_CODE
CLM103860,PAT1538,PRV268,13270.29,2026-02-14,J45.909
CLM103861,PAT1890,PRV133,13231.33,2026-02-18,Z00.00
CLM103862,PAT1087,PRV263,6381.53,2026-07-07,I10
CLM103863,PAT1546,PRV115,2978.68,2026-07-06,J45.909
CLM103864,PAT1481,PRV158,8425.55,2026-07-06,J45.909
CLM103865,PAT1153,PRV100,2617.5,2026-06-27,J45.909
CLM103866,PAT1001,PRV197,6934.18,2026-01-29,INVALID_CODE
CLM103867,PAT1129,PRV137,5121.02,2026-04-21,E11.9
CLM103868,PAT1876,PRV237,492.11,2026-06-15,I10
CLM103869,PAT1664,PRV183,2293.05,2026-02-23,M25.50
CLM103870,PAT1214,PRV239,4806.65,2026-01-23,M25.50
CLM103871,PAT1112,PRV248,13936.7,2026-07-08,I10
CLM103872,PAT1294,PRV223,13581.44,2026-05-09,INVALID_CODE
CLM103873,PAT1140,PRV159,11938.6,2026-04-28,J45.909
CLM103874,PAT1930,PRV106,5005.32,2026-07-03,E11.9
CLM103875,PAT1399,PRV174,3695.69,2026-04-06,I10
CLM103876,PAT1060,PRV236,7468.75,2026-04-18,J45.909
CLM103877,PAT1749,PRV238,5304.38,2026-02-14,E11.9
CLM103878,PAT1105,PRV278,1811.39,2026-04-15,INVALID_CODE
CLM103879,PAT1759,PRV183,8935.94,2026-02-21,Z00.00
CLM103880,PAT1422,PRV104,10349.97,2026-01-26,I10
CLM103881,PAT1519,PRV178,185.14,2026-04-26,E11.9
CLM103882,PAT1119,PRV294,8487.92,2026-01-07,E11.9
CLM103883,PAT1335,PRV125,12389.71,2026-07-13,I10
CLM103884,PAT1964,PRV105,11564.39,2026-05-31,J45.909
CLM103885,PAT1088,PRV144,13245.8,2026-06-02,Z00.00
CLM103886,PAT1346,PRV275,591.11,2026-01-11,I10
CLM103887,PAT1106,PRV271,4445.94,2026-06-17,M25.50
CLM103888,PAT1034,PRV221,4731.14,2026-07-06,J45.909
CLM103889,PAT1871,PRV119,1839.78,2026-02-14,M25.50
CLM103890,PAT1339,PRV165,11507.81,2026-05-18,E11.9
CLM103891,PAT1149,PRV227,1565.14,2026-05-05,M25.50
CLM103892,PAT1609,PRV138,5475.39,2026-02-14,E11.9
CLM103893,PAT1881,PRV182,14307.31,2026-03-08,E11.9
CLM103894,PAT1279,PRV133,2230.72,2026-04-21,Z00.00
CLM103895,PAT1746,PRV295,10061.18,2026-06-19,J45.909
CLM103896,PAT1975,PRV127,13098.13,2026-06-20,Z00.00
CLM103897,PAT1440,PRV178,7891.44,2026-01-24,I10
CLM103898,PAT1444,PRV161,5472.09,2026-05-24,M25.50
CLM103899,PAT1142,PRV262,3228.28,2026-01-17,Z00.00
CLM103900,PAT1288,PRV264,12429.91,2026-03-18,Z00.00
CLM103901,PAT1555,PRV235,8795.63,2026-04-20,I10
CLM103902,PAT1275,PRV154,8342.88,2026-05-06,E11.9
CLM103903,PAT1970,PRV270,10722.73,2026-06-13,E11.9
CLM103904,PAT1703,PRV172,9535.21,2026-05-03,E11.9
CLM103905,PAT1172,PRV104,11484.95,2026-05-04,E11.9
CLM103906,PAT1568,PRV244,4226.48,2026-06-10,I10
CLM103907,PAT1178,PRV281,9316.32,2026-07-06,E11.9
CLM103908,PAT1510,PRV260,12920.98,2026-07-20,E11.9
CLM103909,PAT1233,PRV282,8482.06,2026-02-02,Z00.00
CLM103910,PAT1220,PRV122,10545.53,2026-04-12,INVALID_CODE
CLM103911,PAT1228,PRV111,2426.69,2026-05-25,I10
CLM103912,PAT1056,PRV105,7725.67,2026-05-29,J45.909
CLM103913,PAT1136,PRV245,11984.3,2026-05-16,E11.9
CLM103914,PAT1190,PRV113,10832.3,2026-03-23,J45.909
CLM103915,PAT1120,PRV299,160.35,2026-07-17,I10
CLM103916,PAT1367,PRV177,9811.98,2026-03-30,I10
CLM103917,PAT1065,PRV177,8572.55,2026-01-12,J45.909
CLM103918,PAT1581,PRV118,9063.47,2026-03-26,J45.909
CLM103919,PAT1687,PRV128,12526.86,2026-05-16,I10
CLM103920,PAT1841,PRV174,9534.02,2026-07-13,Z00.00
CLM103921,PAT1847,PRV179,1607.74,2026-02-12,M25.50
CLM103922,PAT1549,PRV153,6989.86,2026-05-01,INVALID_CODE
CLM103923,PAT1307,PRV200,14964.04,2026-02-07,INVALID_CODE
CLM103924,PAT1525,PRV205,7585.23,2026-02-24,J45.909
CLM103925,PAT1272,PRV139,10034.24,2026-05-01,M25.50
CLM103926,PAT1486,PRV131,9058.66,2026-05-21,J45.909
CLM103927,PAT1363,PRV291,11707.57,2026-07-12,M25.50
CLM103928,PAT1879,PRV164,14825.87,2026-04-11,J45.909
CLM103929,PAT1808,PRV206,2673.82,2026-04-05,Z00.00
CLM103930,PAT1410,PRV235,8572.0,2026-02-09,INVALID_CODE
CLM103931,PAT1222,PRV218,12086.86,2026-01-09,I10
CLM103932,PAT1987,PRV241,7871.74,2026-02-19,I10
CLM103933,PAT1960,PRV176,12110.68,2026-01-11,INVALID_CODE
CLM103934,PAT1168,PRV171,7187.88,2026-04-18,I10
CLM103935,PAT1623,PRV113,10111.94,2026-06-12,J45.909
CLM103936,PAT1538,PRV189,1759.61,2026-03-07,E11.9
CLM103937,PAT1017,PRV155,6455.32,2026-04-26,E11.9
CLM103938,PAT1844,PRV271,10943.53,2026-03-04,E11.9
CLM103939,PAT1990,PRV107,621.96,2026-07-10,J45.909
CLM103940,PAT1413,PRV152,6688.95,2026-04-26,INVALID_CODE
CLM103941,PAT1821,PRV195,14937.22,2026-06-16,INVALID_CODE
CLM103942,PAT1200,PRV190,11599.93,2026-03-10,E11.9
CLM103943,PAT1035,PRV138,3301.19,2026-06-10,I10
CLM103944,PAT1246,PRV185,2782.26,2026-06-16,INVALID_CODE
CLM103945,PAT1122,PRV170,8434.9,2026-06-30,J45.909
CLM103946,PAT1763,PRV183,14455.72,2026-01-09,E11.9
CLM103947,PAT1282,PRV108,2172.64,2026-04-09,Z00.00
CLM103948,PAT1513,PRV258,3536.58,2026-06-19,I10
CLM103949,PAT1719,PRV115,5552.9,2026-05-22,E11.9
CLM103950,PAT1846,PRV248,6010.92,2026-06-02,E11.9
CLM103951,PAT1810,PRV218,5447.11,2026-06-28,I10
CLM103952,PAT1493,PRV127,3412.81,2026-01-18,J45.909
CLM103953,PAT1327,PRV268,5333.67,2026-05-08,INVALID_CODE
CLM103954,PAT1133,PRV272,183.9,2026-06-25,Z00.00
CLM103955,PAT1495,PRV211,3179.37,2026-05-30,E11.9
CLM103956,PAT1639,PRV200,13558.15,2026-07-06,Z00.00
CLM103957,PAT1034,PRV130,7178.76,2026-01-10,Z00.00
CLM103958,PAT1954,PRV197,13182.46,2026-02-25,I10
CLM103959,PAT1160,PRV196,4440.64,2026-06-10,INVALID_CODE
CLM103960,PAT1163,PRV158,11879.49,2026-04-28,E11.9
CLM103961,PAT1051,PRV257,11461.12,2026-07-10,J45.909
CLM103962,PAT1257,PRV130,2760.82,2026-04-05,E11.9
CLM103963,PAT1185,PRV159,13637.01,2026-01-23,M25.50
CLM103964,PAT1852,PRV285,1105.83,2026-03-30,E11.9
CLM103965,PAT1889,PRV154,742.2,2026-02-08,J45.909
CLM103966,PAT1026,PRV155,11235.04,2026-07-05,E11.9
CLM103967,PAT1753,PRV235,6724.88,2026-06-28,E11.9
CLM103968,PAT1670,PRV194,12194.35,2026-06-08,J45.909
CLM103969,PAT1318,PRV115,13270.85,2026-01-05,J45.909
CLM103970,PAT1737,PRV206,2395.51,2026-05-25,I10
CLM103971,PAT1141,PRV171,5859.69,2026-04-10,M25.50
CLM103972,PAT1857,PRV102,4896.53,2026-01-18,M25.50
CLM103973,PAT1568,PRV118,2321.7,2026-03-31,E11.9
CLM103974,PAT1415,PRV111,13343.43,2026-03-09,E11.9
CLM103975,PAT1942,PRV146,2446.11,2026-05-06,INVALID_CODE
CLM103976,PAT1660,PRV109,14650.53,2026-02-20,Z00.00
CLM103977,PAT1126,PRV139,12502.34,2026-06-13,INVALID_CODE
CLM103978,PAT1079,PRV151,5967.26,2026-07-15,I10
CLM103979,PAT1620,PRV259,8943.39,2026-01-13,Z00.00
CLM103980,PAT1088,PRV114,14278.3,2026-01-05,J45.909
CLM103981,PAT1821,PRV177,9776.7,2026-02-25,J45.909
CLM103982,PAT1194,PRV216,2095.36,2026-06-03,M25.50
CLM103983,PAT1434,PRV274,6822.38,2026-03-16,INVALID_CODE
CLM103984,PAT1040,PRV285,9683.18,2026-02-20,Z00.00
CLM103985,PAT1829,PRV282,2583.39,2026-05-13,E11.9
CLM103986,PAT1919,PRV223,8926.48,2026-06-14,M25.50
CLM103987,PAT1543,PRV163,10581.43,2026-03-28,I10
CLM103988,PAT1506,PRV243,11565.81,2026-03-13,INVALID_CODE
CLM103989,PAT1921,PRV200,6373.99,2026-07-18,J45.909
CLM103990,PAT1916,PRV116,9217.65,2026-01-05,E11.9
CLM103991,PAT1932,PRV131,671.49,2026-06-19,I10
CLM103992,PAT1735,PRV234,8501.39,2026-04-07,M25.50
CLM103993,PAT1528,PRV150,14523.34,2026-02-11,J45.909
CLM103994,PAT1369,PRV280,9183.18,2026-01-14,J45.909
CLM103995,PAT1276,PRV271,14935.33,2026-03-09,J45.909
CLM103996,PAT1118,PRV158,12886.95,2026-01-17,M25.50
CLM103997,PAT1663,PRV170,4040.47,2026-07-07,J45.909
CLM103998,PAT1454,PRV151,9168.99,2026-06-18,Z00.00
CLM103999,PAT1833,PRV196,14545.72,2026-02-02,INVALID_CODE
CLM104000,PAT1206,PRV271,4178.6,2026-01-20,M25.50
CLM104001,PAT1392,PRV179,907.16,2026-03-04,INVALID_CODE
CLM104002,PAT1658,PRV130,6069.87,2026-04-13,M25.50
CLM104003,PAT1246,PRV205,8998.02,2026-02-26,I10
CLM104004,PAT1969,PRV253,3386.34,2026-03-22,M25.50
CLM104005,PAT1697,PRV235,14450.2,2026-04-19,I10
CLM104006,PAT1724,PRV178,6805.4,2026-06-17,I10
CLM104007,PAT1523,PRV216,4679.71,2026-03-23,M25.50
CLM104008,PAT1752,PRV234,10842.54,2026-02-08,M25.50
CLM104009,PAT1699,PRV177,3655.94,2026-07-18,M25.50
CLM104010,PAT1611,PRV165,3288.14,2026-07-07,INVALID_CODE
CLM104011,PAT1247,PRV188,277.93,2026-04-23,M25.50
CLM104012,PAT1595,PRV249,14075.87,2026-07-08,J45.909
CLM104013,PAT1139,PRV264,5819.43,2026-01-28,I10
CLM104014,PAT1734,PRV149,181.68,2026-07-14,E11.9
CLM104015,PAT1887,PRV114,7769.68,2026-04-15,J45.909
CLM104016,PAT1095,PRV150,3782.03,2026-07-16,J45.909
CLM104017,PAT1918,PRV258,6122.42,2026-04-13,J45.909
CLM104018,PAT1762,PRV147,3261.62,2026-05-06,I10
CLM104019,PAT1955,PRV193,412.85,2026-01-13,J45.909
CLM104020,PAT1744,PRV147,11104.06,2026-03-14,M25.50
CLM104021,PAT1562,PRV265,1160.31,2026-03-26,INVALID_CODE
CLM104022,PAT1929,PRV126,13869.61,2026-03-15,M25.50
CLM104023,PAT1019,PRV286,3181.72,2026-07-18,J45.909
CLM104024,PAT1700,PRV160,13195.21,2026-04-09,Z00.00
CLM104025,PAT1947,PRV248,12899.06,2026-02-18,Z00.00
CLM104026,PAT1447,PRV156,13642.79,2026-06-04,J45.909
CLM104027,PAT1804,PRV185,10039.91,2026-07-12,INVALID_CODE
CLM104028,PAT1194,PRV296,12746.66,2026-03-16,INVALID_CODE
CLM104029,PAT1500,PRV184,5450.92,2026-06-21,Z00.00
CLM104030,PAT1562,PRV160,8656.47,2026-05-31,Z00.00
CLM104031,PAT1903,PRV157,13264.82,2026-01-27,I10
CLM104032,PAT1305,PRV232,6045.35,2026-01-26,M25.50
CLM104033,PAT1077,PRV255,6510.9,2026-05-24,Z00.00
CLM104034,PAT1189,PRV221,13113.26,2026-04-17,J45.909
CLM104035,PAT1913,PRV264,13344.36,2026-03-24,E11.9
CLM104036,PAT1465,PRV205,5704.44,2026-03-06,J45.909
CLM104037,PAT1335,PRV169,5565.56,2026-05-08,Z00.00
CLM104038,PAT1765,PRV104,6170.67,2026-07-08,I10
CLM104039,PAT1942,PRV299,12242.87,2026-03-16,M25.50
CLM104040,PAT1818,PRV206,14939.75,2026-03-19,I10
CLM104041,PAT1136,PRV126,10365.88,2026-05-14,E11.9
CLM104042,PAT1998,PRV188,2998.92,2026-04-26,E11.9
CLM104043,PAT1317,PRV168,8020.29,2026-03-24,E11.9
CLM104044,PAT1705,PRV189,5288.72,2026-03-02,J45.909
CLM104045,PAT1246,PRV226,5244.98,2026-05-12,I10
CLM104046,PAT1976,PRV150,4954.69,2026-05-24,Z00.00
CLM104047,PAT1037,PRV176,9896.93,2026-03-25,E11.9
CLM104048,PAT1539,PRV249,10854.29,2026-01-11,Z00.00
CLM104049,PAT1853,PRV115,14307.28,2026-04-24,J45.909
CLM104050,PAT1133,PRV213,2607.45,2026-02-22,E11.9
CLM104051,PAT1400,PRV264,1438.64,2026-02-04,I10
CLM104052,PAT1679,PRV249,12904.34,2026-04-13,E11.9
CLM104053,PAT1198,PRV151,2902.52,2026-05-08,E11.9
CLM104054,PAT1230,PRV253,9137.5,2026-07-03,INVALID_CODE
CLM104055,PAT1503,PRV116,4830.37,2026-01-30,M25.50
CLM104056,PAT1278,PRV154,8934.68,2026-06-07,INVALID_CODE
CLM104057,PAT1723,PRV130,11531.54,2026-06-10,I10
CLM104058,PAT1890,PRV119,1963.24,2026-03-10,I10
CLM104059,PAT1143,PRV285,6691.96,2026-01-09,I10
CLM104060,PAT1621,PRV286,14841.08,2026-07-08,I10
CLM104061,PAT1746,PRV165,14111.23,2026-06-12,I10
CLM104062,PAT1335,PRV288,5222.86,2026-03-15,E11.9
CLM104063,PAT1142,PRV230,12265.55,2026-01-11,E11.9
CLM104064,PAT1015,PRV145,8241.12,2026-05-14,I10
CLM104065,PAT1019,PRV270,11864.94,2026-01-28,M25.50
CLM104066,PAT1455,PRV223,2849.5,2026-01-25,E11.9
CLM104067,PAT1701,PRV160,6649.1,2026-05-25,Z00.00
CLM104068,PAT1713,PRV120,5365.28,2026-04-06,M25.50
CLM104069,PAT1944,PRV295,2489.72,2026-02-23,I10
CLM104070,PAT1302,PRV100,12916.22,2026-02-26,J45.909
CLM104071,PAT1775,PRV284,11920.13,2026-06-19,I10
CLM104072,PAT1993,PRV194,338.65,2026-04-27,Z00.00
CLM104073,PAT1723,PRV197,10868.91,2026-03-11,M25.50
CLM104074,PAT1028,PRV150,14488.6,2026-01-25,Z00.00
CLM104075,PAT1389,PRV175,10393.06,2026-03-15,E11.9
CLM104076,PAT1357,PRV142,12696.77,2026-02-19,E11.9
CLM104077,PAT1976,PRV275,7995.66,2026-03-08,I10
CLM104078,PAT1487,PRV230,3647.84,2026-04-22,I10
CLM104079,PAT1628,PRV137,10624.12,2026-02-07,Z00.00
CLM104080,PAT1190,PRV286,14579.18,2026-03-21,M25.50
CLM104081,PAT1550,PRV204,7170.33,2026-07-02,J45.909
CLM104082,PAT1633,PRV182,3727.3,2026-04-11,E11.9
CLM104083,PAT1288,PRV237,10812.27,2026-02-21,I10
CLM104084,PAT1399,PRV170,1384.61,2026-01-06,M25.50
CLM104085,PAT1120,PRV296,1234.34,2026-06-14,I10
CLM104086,PAT1138,PRV244,1721.37,2026-04-05,I10
CLM104087,PAT1133,PRV295,10195.32,2026-05-23,Z00.00
CLM104088,PAT1917,PRV164,13982.29,2026-03-15,E11.9
CLM104089,PAT1378,PRV245,898.04,2026-03-20,I10
CLM104090,PAT1590,PRV162,7524.55,2026-01-26,Z00.00
CLM104091,PAT1823,PRV287,4918.28,2026-03-26,M25.50
CLM104092,PAT1557,PRV143,8741.45,2026-01-09,Z00.00
CLM104093,PAT1628,PRV128,11367.52,2026-04-18,E11.9
CLM104094,PAT1767,PRV139,9341.83,2026-03-22,Z00.00
CLM104095,PAT1248,PRV143,1847.03,2026-04-06,J45.909
CLM104096,PAT1817,PRV225,3590.02,2026-07-18,M25.50
CLM104097,PAT1273,PRV149,11301.49,2026-04-30,INVALID_CODE
CLM104098,PAT1836,PRV127,7957.62,2026-07-20,Z00.00
CLM104099,PAT1095,PRV113,2039.27,2026-04-02,E11.9
CLM104100,PAT1888,PRV169,2174.09,2026-03-11,Z00.00
CLM104101,PAT1922,PRV266,1856.17,2026-01-26,J45.909
CLM104102,PAT1736,PRV208,9959.5,2026-07-07,Z00.00
CLM104103,PAT1904,PRV126,10150.45,2026-05-14,Z00.00
CLM104104,PAT1675,PRV174,3254.0,2026-06-15,E11.9
CLM104105,PAT1066,PRV104,8398.73,2026-06-11,J45.909
CLM104106,PAT1975,PRV110,10653.01,2026-06-15,I10
CLM104107,PAT1387,PRV217,14507.45,2026-02-09,E11.9
CLM104108,PAT1712,PRV226,13820.22,2026-06-08,Z00.00
CLM104109,PAT1946,PRV165,12937.37,2026-07-16,INVALID_CODE
CLM104110,PAT1355,PRV123,14047.03,2026-07-12,I10
CLM104111,PAT1367,PRV107,1138.49,2026-06-23,J45.909
CLM104112,PAT1592,PRV191,2983.31,2026-02-02,Z00.00
CLM104113,PAT1090,PRV204,13976.0,2026-06-05,J45.909
CLM104114,PAT1830,PRV190,9612.26,2026-02-23,I10
CLM104115,PAT1454,PRV111,14985.66,2026-03-12,I10
CLM104116,PAT1723,PRV259,4558.95,2026-03-01,E11.9
CLM104117,PAT1079,PRV190,2774.58,2026-05-08,INVALID_CODE
CLM104118,PAT1672,PRV203,5761.96,2026-05-09,J45.909
CLM104119,PAT1024,PRV184,674.49,2026-05-31,Z00.00
CLM104120,PAT1833,PRV216,9466.16,2026-07-08,J45.909
CLM104121,PAT1355,PRV298,3823.96,2026-02-28,E11.9
CLM104122,PAT1913,PRV202,14231.71,2026-05-08,J45.909
CLM104123,PAT1464,PRV278,8267.64,2026-04-17,J45.909
CLM104124,PAT1859,PRV191,13183.15,2026-01-28,I10
CLM104125,PAT1147,PRV273,9195.56,2026-06-15,I10
CLM104126,PAT1560,PRV128,6284.64,2026-06-25,I10
CLM104127,PAT1851,PRV281,4844.98,2026-01-28,J45.909
CLM104128,PAT1664,PRV101,2009.27,2026-04-28,E11.9
CLM104129,PAT1383,PRV270,4495.75,2026-04-19,M25.50
CLM104130,PAT1168,PRV113,5573.66,2026-05-21,M25.50
CLM104131,PAT1718,PRV291,7063.39,2026-02-17,Z00.00
CLM104132,PAT1350,PRV157,10006.92,2026-07-20,M25.50
CLM104133,PAT1234,PRV177,13673.67,2026-05-30,I10
CLM104134,PAT1321,PRV159,1327.25,2026-01-13,E11.9
CLM104135,PAT1981,PRV168,8330.87,2026-05-21,E11.9
CLM104136,PAT1517,PRV205,546.97,2026-01-31,M25.50
CLM104137,PAT1560,PRV153,6769.46,2026-07-13,I10
CLM104138,PAT1195,PRV258,14508.56,2026-02-05,INVALID_CODE
CLM104139,PAT1543,PRV117,8198.37,2026-02-06,INVALID_CODE
CLM104140,PAT1739,PRV226,6688.9,2026-04-01,Z00.00
CLM104141,PAT1986,PRV217,7992.65,2026-03-10,I10
CLM104142,PAT1536,PRV240,12924.19,2026-05-31,M25.50
CLM104143,PAT1124,PRV165,11770.88,2026-03-22,M25.50
CLM104144,PAT1517,PRV253,10524.9,2026-03-25,Z00.00
CLM104145,PAT1878,PRV299,13778.26,2026-03-06,J45.909
CLM104146,PAT1046,PRV101,6263.86,2026-04-07,I10
CLM104147,PAT1358,PRV263,14967.24,2026-05-01,E11.9
CLM104148,PAT1205,PRV242,11147.24,2026-02-06,E11.9
CLM104149,PAT1309,PRV211,10571.39,2026-07-20,INVALID_CODE
CLM104150,PAT1472,PRV237,5142.44,2026-04-27,I10
CLM104151,PAT1973,PRV151,4187.68,2026-04-25,Z00.00
CLM104152,PAT1105,PRV219,9483.84,2026-02-16,I10
CLM104153,PAT1200,PRV152,6672.07,2026-05-21,E11.9
CLM104154,PAT1738,PRV167,9965.2,2026-06-13,J45.909
CLM104155,PAT1395,PRV123,6800.28,2026-04-28,J45.909
CLM104156,PAT1299,PRV114,2936.39,2026-02-16,M25.50
CLM104157,PAT1876,PRV288,2966.51,2026-04-09,J45.909
CLM104158,PAT1945,PRV177,4847.34,2026-02-17,J45.909
CLM104159,PAT1057,PRV208,2930.39,2026-02-09,M25.50
CLM104160,PAT1009,PRV231,2584.4,2026-02-18,M25.50
CLM104161,PAT1369,PRV295,4137.82,2026-05-08,I10
CLM104162,PAT1826,PRV253,4087.02,2026-02-27,E11.9
CLM104163,PAT1336,PRV252,5575.94,2026-03-12,J45.909
CLM104164,PAT1206,PRV222,13486.77,2026-05-02,E11.9
CLM104165,PAT1685,PRV231,588.05,2026-04-05,I10
CLM104166,PAT1156,PRV277,13242.15,2026-04-23,I10
CLM104167,PAT1854,PRV202,10813.03,2026-03-25,E11.9
CLM104168,PAT1259,PRV129,5806.9,2026-02-28,J45.909
CLM104169,PAT1812,PRV257,9377.31,2026-05-03,J45.909
CLM104170,PAT1276,PRV300,1380.68,2026-04-10,I10
CLM104171,PAT1345,PRV111,9818.06,2026-07-14,M25.50
CLM104172,PAT1236,PRV260,8779.32,2026-01-12,M25.50
CLM104173,PAT1130,PRV243,3328.99,2026-03-04,INVALID_CODE
CLM104174,PAT1080,PRV255,9739.97,2026-01-23,J45.909
CLM104175,PAT1999,PRV178,2402.14,2026-04-27,J45.909
CLM104176,PAT1688,PRV174,6830.76,2026-02-13,J45.909
CLM104177,PAT1588,PRV251,7311.93,2026-02-02,I10
CLM104178,PAT1918,PRV195,938.02,2026-02-18,Z00.00
CLM104179,PAT1024,PRV285,906.75,2026-01-28,M25.50
CLM104180,PAT1072,PRV140,11519.76,2026-03-19,INVALID_CODE
CLM104181,PAT1307,PRV238,11397.18,2026-03-23,E11.9
CLM104182,PAT1669,PRV188,6810.6,2026-01-18,INVALID_CODE
CLM104183,PAT1041,PRV297,10330.88,2026-03-04,E11.9
CLM104184,PAT1972,PRV156,3925.38,2026-07-17,INVALID_CODE
CLM104185,PAT1303,PRV209,7884.48,2026-03-01,E11.9
CLM104186,PAT1624,PRV208,6843.46,2026-04-29,Z00.00
CLM104187,PAT1188,PRV296,4791.18,2026-02-27,I10
CLM104188,PAT1499,PRV299,11858.58,2026-04-09,I10
CLM104189,PAT1899,PRV245,13516.11,2026-03-11,E11.9
CLM104190,PAT1999,PRV232,8729.62,2026-02-12,INVALID_CODE
CLM104191,PAT1242,PRV171,10764.34,2026-07-08,J45.909
CLM104192,PAT1033,PRV175,4697.08,2026-01-29,INVALID_CODE
CLM104193,PAT1813,PRV226,10062.48,2026-05-30,M25.50
CLM104194,PAT1845,PRV278,14714.67,2026-04-06,Z00.00
CLM104195,PAT1658,PRV261,951.72,2026-06-20,J45.909
CLM104196,PAT1708,PRV146,12088.33,2026-04-09,E11.9
CLM104197,PAT1480,PRV137,2667.54,2026-04-23,J45.909
CLM104198,PAT1305,PRV265,10109.15,2026-05-07,E11.9
CLM104199,PAT1614,PRV187,4744.21,2026-06-23,J45.909
CLM104200,PAT1572,PRV280,8625.33,2026-06-10,I10
CLM104201,PAT1471,PRV152,5058.11,2026-06-28,I10
CLM104202,PAT1260,PRV221,11969.12,2026-03-18,M25.50
CLM104203,PAT1334,PRV295,3785.16,2026-01-17,INVALID_CODE
CLM104204,PAT1535,PRV201,12168.35,2026-02-09,INVALID_CODE
CLM104205,PAT1966,PRV235,7522.33,2026-02-21,E11.9
CLM104206,PAT1274,PRV113,2694.33,2026-03-13,INVALID_CODE
CLM104207,PAT1366,PRV198,1749.68,2026-04-02,M25.50
CLM104208,PAT1011,PRV110,13287.68,2026-03-26,I10
CLM104209,PAT1176,PRV160,7693.99,2026-02-09,INVALID_CODE
CLM104210,PAT1371,PRV144,3411.54,2026-05-10,I10
CLM104211,PAT1832,PRV275,12279.51,2026-06-12,INVALID_CODE
CLM104212,PAT1930,PRV231,5217.18,2026-03-18,E11.9
CLM104213,PAT1835,PRV216,5748.12,2026-02-26,J45.909
CLM104214,PAT1802,PRV278,6170.13,2026-02-26,J45.909
CLM104215,PAT1883,PRV264,4464.75,2026-03-03,J45.909
CLM104216,PAT1367,PRV283,4206.36,2026-01-13,INVALID_CODE
CLM104217,PAT1417,PRV166,4355.8,2026-01-06,INVALID_CODE
CLM104218,PAT1566,PRV181,11919.81,2026-05-02,M25.50
CLM104219,PAT1875,PRV173,10745.49,2026-04-13,INVALID_CODE
CLM104220,PAT1852,PRV269,11182.02,2026-01-27,I10
CLM104221,PAT1785,PRV212,14596.4,2026-04-05,M25.50
CLM104222,PAT1314,PRV183,10808.39,2026-07-13,J45.909
CLM104223,PAT1412,PRV270,8964.17,2026-07-12,E11.9
CLM104224,PAT1826,PRV220,764.49,2026-06-06,Z00.00
CLM104225,PAT1400,PRV174,6848.97,2026-01-07,INVALID_CODE
CLM104226,PAT1802,PRV231,4987.66,2026-05-04,J45.909
CLM104227,PAT1126,PRV300,5038.7,2026-01-18,E11.9
CLM104228,PAT1613,PRV204,13390.6,2026-02-22,INVALID_CODE
CLM104229,PAT1906,PRV288,11009.76,2026-02-01,Z00.00
CLM104230,PAT1351,PRV165,5053.05,2026-06-02,J45.909
CLM104231,PAT1310,PRV286,3843.7,2026-01-16,J45.909
CLM104232,PAT1404,PRV258,5721.65,2026-04-15,I10
CLM104233,PAT1835,PRV217,9062.92,2026-04-28,I10
CLM104234,PAT1856,PRV167,10470.45,2026-01-13,I10
CLM104235,PAT1829,PRV104,2751.7,2026-06-19,Z00.00
CLM104236,PAT1313,PRV263,14318.53,2026-04-27,I10
CLM104237,PAT1092,PRV213,11975.21,2026-04-16,J45.909
CLM104238,PAT1188,PRV131,12746.83,2026-01-15,INVALID_CODE
CLM104239,PAT1608,PRV150,14392.3,2026-03-02,I10
CLM104240,PAT1414,PRV155,2720.63,2026-06-26,INVALID_CODE
CLM104241,PAT1824,PRV228,11147.96,2026-02-16,Z00.00
CLM104242,PAT1268,PRV159,14031.45,2026-02-18,I10
CLM104243,PAT1725,PRV268,5361.67,2026-01-09,I10
CLM104244,PAT1409,PRV220,699.24,2026-06-27,M25.50
CLM104245,PAT1163,PRV113,4740.08,2026-02-21,M25.50
CLM104246,PAT1126,PRV163,4993.7,2026-06-14,J45.909
CLM104247,PAT1698,PRV250,14361.93,2026-02-01,M25.50
CLM104248,PAT1540,PRV232,13685.67,2026-04-13,INVALID_CODE
CLM104249,PAT1615,PRV294,2310.03,2026-01-27,E11.9
CLM104250,PAT1336,PRV288,6366.1,2026-05-04,I10
CLM104251,PAT1983,PRV243,2196.74,2026-03-09,Z00.00
CLM104252,PAT1527,PRV259,4740.75,2026-01-09,M25.50
CLM104253,PAT1346,PRV277,4833.05,2026-06-03,E11.9
CLM104254,PAT1684,PRV170,4248.61,2026-04-19,J45.909
CLM104255,PAT1988,PRV106,10741.68,2026-05-04,INVALID_CODE
CLM104256,PAT1302,PRV208,9529.94,2026-06-23,I10
CLM104257,PAT1852,PRV131,13567.09,2026-03-26,INVALID_CODE
CLM104258,PAT1201,PRV232,7930.83,2026-07-11,Z00.00
CLM104259,PAT1538,PRV107,14650.64,2026-06-02,J45.909
CLM104260,PAT1989,PRV192,8453.34,2026-05-21,J45.909
CLM104261,PAT1495,PRV124,8061.12,2026-01-31,J45.909
CLM104262,PAT1575,PRV159,3634.6,2026-03-06,I10
CLM104263,PAT1766,PRV111,3512.97,2026-07-02,M25.50
CLM104264,PAT1693,PRV201,7410.81,2026-01-03,M25.50
CLM104265,PAT1813,PRV255,712.56,2026-01-11,Z00.00
CLM104266,PAT1453,PRV265,3725.67,2026-06-19,I10
CLM104267,PAT1130,PRV244,1656.29,2026-01-19,J45.909
CLM104268,PAT1720,PRV170,846.13,2026-04-12,J45.909
CLM104269,PAT1590,PRV207,6783.21,2026-01-08,M25.50
CLM104270,PAT1739,PRV143,14711.75,2026-06-30,I10
CLM104271,PAT1455,PRV290,12456.05,2026-07-04,E11.9
CLM104272,PAT1680,PRV226,14155.79,2026-05-03,I10
CLM104273,PAT1048,PRV142,1282.29,2026-07-05,Z00.00
CLM104274,PAT1337,PRV217,12071.82,2026-06-05,I10
CLM104275,PAT1270,PRV115,13489.87,2026-06-07,INVALID_CODE
CLM104276,PAT1896,PRV222,11591.47,2026-06-25,Z00.00
CLM104277,PAT1815,PRV112,1739.15,2026-04-11,J45.909
CLM104278,PAT1047,PRV152,2687.65,2026-01-17,M25.50
CLM104279,PAT1420,PRV281,6330.69,2026-06-11,INVALID_CODE
CLM104280,PAT1384,PRV282,5085.54,2026-03-23,M25.50
CLM104281,PAT1230,PRV173,2910.44,2026-03-23,J45.909
CLM104282,PAT1039,PRV272,10417.51,2026-05-27,I10
CLM104283,PAT1397,PRV194,8076.42,2026-04-10,INVALID_CODE
CLM104284,PAT1176,PRV293,9209.31,2026-03-13,Z00.00
CLM104285,PAT1334,PRV121,13018.1,2026-02-04,E11.9
CLM104286,PAT1957,PRV224,4937.74,2026-05-18,M25.50
CLM104287,PAT1500,PRV192,1282.35,2026-01-06,INVALID_CODE
CLM104288,PAT1367,PRV143,7976.33,2026-03-16,J45.909
CLM104289,PAT1062,PRV206,7783.5,2026-06-18,J45.909
CLM104290,PAT1365,PRV152,14674.5,2026-05-26,M25.50
CLM104291,PAT1245,PRV148,3008.22,2026-03-21,INVALID_CODE
CLM104292,PAT1943,PRV146,11580.83,2026-02-08,J45.909
CLM104293,PAT1838,PRV191,3965.24,2026-03-13,E11.9
CLM104294,PAT1711,PRV115,3391.61,2026-04-27,Z00.00
CLM104295,PAT1627,PRV264,872.0,2026-03-22,INVALID_CODE
CLM104296,PAT1095,PRV127,11084.58,2026-07-12,Z00.00
CLM104297,PAT1085,PRV249,3380.53,2026-04-13,J45.909
CLM104298,PAT1556,PRV181,1754.16,2026-07-06,INVALID_CODE
CLM104299,PAT1555,PRV124,3467.4,2026-01-15,INVALID_CODE
CLM104300,PAT1205,PRV120,4425.28,2026-01-05,I10
CLM104301,PAT1335,PRV295,13629.73,2026-05-19,J45.909
CLM104302,PAT1757,PRV293,5174.76,2026-02-19,I10
CLM104303,PAT1836,PRV201,1084.65,2026-01-10,Z00.00
CLM104304,PAT1421,PRV291,14980.25,2026-05-11,I10
CLM104305,PAT1325,PRV261,6887.74,2026-07-12,E11.9
CLM104306,PAT1171,PRV192,11834.84,2026-02-11,E11.9
CLM104307,PAT1895,PRV283,1395.74,2026-02-22,Z00.00
CLM104308,PAT1480,PRV124,9088.22,2026-01-01,E11.9
CLM104309,PAT1304,PRV276,9955.2,2026-06-11,Z00.00
CLM104310,PAT1073,PRV217,2052.35,2026-01-12,J45.909
CLM104311,PAT1995,PRV189,4409.42,2026-03-08,E11.9
CLM104312,PAT1167,PRV134,3618.21,2026-02-10,INVALID_CODE
CLM104313,PAT1227,PRV150,3953.32,2026-02-04,I10
CLM104314,PAT1558,PRV131,13494.73,2026-02-14,Z00.00
CLM104315,PAT1494,PRV197,14133.24,2026-03-25,M25.50
CLM104316,PAT1679,PRV190,13821.83,2026-06-05,I10
CLM104317,PAT1297,PRV300,8732.73,2026-04-23,I10
CLM104318,PAT1849,PRV258,3111.64,2026-03-29,M25.50
CLM104319,PAT1264,PRV231,7718.66,2026-07-10,M25.50
CLM104320,PAT1261,PRV171,12957.28,2026-04-03,I10
CLM104321,PAT1880,PRV236,9417.19,2026-07-05,M25.50
CLM104322,PAT1615,PRV260,8212.82,2026-05-20,J45.909
CLM104323,PAT1048,PRV128,14483.45,2026-02-10,J45.909
CLM104324,PAT1879,PRV215,13212.92,2026-02-10,Z00.00
CLM104325,PAT1847,PRV207,7860.79,2026-03-28,Z00.00
CLM104326,PAT1712,PRV176,12144.78,2026-03-24,I10
CLM104327,PAT1957,PRV169,13930.98,2026-03-06,Z00.00
CLM104328,PAT1024,PRV274,9541.55,2026-05-06,M25.50
CLM104329,PAT1604,PRV170,9385.91,2026-05-15,I10
CLM104330,PAT1013,PRV229,9439.78,2026-06-25,M25.50
CLM104331,PAT1615,PRV272,1877.21,2026-03-22,M25.50
CLM104332,PAT1501,PRV126,8136.19,2026-05-17,INVALID_CODE
CLM104333,PAT1750,PRV185,4768.74,2026-01-11,J45.909
CLM104334,PAT1013,PRV268,8217.12,2026-04-07,J45.909
CLM104335,PAT1938,PRV134,12848.79,2026-04-16,M25.50
CLM104336,PAT1422,PRV147,3948.25,2026-05-30,E11.9
CLM104337,PAT1366,PRV200,8551.0,2026-05-30,E11.9
CLM104338,PAT1734,PRV234,10304.5,2026-07-13,E11.9
CLM104339,PAT1342,PRV243,258.86,2026-06-02,E11.9
CLM104340,PAT1538,PRV264,13728.51,2026-04-19,Z00.00
CLM104341,PAT1530,PRV292,9330.57,2026-06-26,I10
CLM104342,PAT1158,PRV168,2794.1,2026-03-14,Z00.00
CLM104343,PAT1313,PRV221,3079.37,2026-03-23,Z00.00
CLM104344,PAT1047,PRV206,3084.82,2026-04-26,E11.9
CLM104345,PAT1671,PRV202,4161.29,2026-01-30,I10
CLM104346,PAT1033,PRV253,1046.66,2026-04-11,INVALID_CODE
CLM104347,PAT1899,PRV106,8155.92,2026-05-11,Z00.00
CLM104348,PAT1255,PRV270,3974.96,2026-03-09,I10
CLM104349,PAT1932,PRV128,12961.47,2026-06-14,Z00.00
CLM104350,PAT1919,PRV149,14916.37,2026-06-10,J45.909
CLM104351,PAT1386,PRV291,473.78,2026-04-16,INVALID_CODE
CLM104352,PAT1820,PRV295,1910.31,2026-07-11,Z00.00
CLM104353,PAT1751,PRV240,10365.22,2026-01-02,Z00.00
CLM104354,PAT1154,PRV242,12390.02,2026-01-28,J45.909
CLM104355,PAT1813,PRV289,1743.71,2026-04-09,E11.9
CLM104356,PAT1120,PRV240,3465.59,2026-06-27,E11.9
CLM104357,PAT1093,PRV190,1640.07,2026-01-01,E11.9
CLM104358,PAT1604,PRV215,8095.08,2026-04-09,INVALID_CODE
CLM104359,PAT1619,PRV146,12431.48,2026-04-04,J45.909
CLM104360,PAT1857,PRV228,3100.28,2026-06-11,J45.909
CLM104361,PAT1243,PRV137,11368.54,2026-01-26,INVALID_CODE
CLM104362,PAT1331,PRV204,11430.69,2026-03-10,M25.50
CLM104363,PAT1043,PRV288,11043.96,2026-06-12,J45.909
CLM104364,PAT1543,PRV256,13413.15,2026-04-05,INVALID_CODE
CLM104365,PAT1373,PRV244,11273.25,2026-01-03,J45.909
CLM104366,PAT1147,PRV220,6582.7,2026-03-24,E11.9
CLM104367,PAT1769,PRV169,8355.23,2026-03-21,M25.50
CLM104368,PAT1305,PRV246,8039.77,2026-05-29,J45.909
CLM104369,PAT1825,PRV220,9934.52,2026-02-09,I10
CLM104370,PAT1870,PRV220,4855.75,2026-02-16,Z00.00
CLM104371,PAT1995,PRV116,6307.49,2026-01-11,Z00.00
CLM104372,PAT1069,PRV286,6253.48,2026-03-14,I10
CLM104373,PAT1008,PRV144,7414.69,2026-03-16,E11.9
CLM104374,PAT1994,PRV106,9717.07,2026-04-26,J45.909
CLM104375,PAT1370,PRV176,6569.89,2026-03-22,I10
CLM104376,PAT1946,PRV233,6625.05,2026-04-22,INVALID_CODE
CLM104377,PAT1629,PRV142,4802.49,2026-06-08,E11.9
CLM104378,PAT1386,PRV225,13830.54,2026-01-13,Z00.00
CLM104379,PAT1408,PRV150,4376.74,2026-04-27,Z00.00
CLM104380,PAT1099,PRV220,11931.82,2026-07-04,M25.50
CLM104381,PAT1435,PRV196,2517.67,2026-03-25,I10
CLM104382,PAT1065,PRV238,5452.22,2026-02-05,M25.50
CLM104383,PAT1979,PRV111,6079.39,2026-05-09,I10
CLM104384,PAT1477,PRV223,14966.54,2026-04-17,Z00.00
CLM104385,PAT1739,PRV209,9628.66,2026-02-01,Z00.00
CLM104386,PAT1195,PRV230,5388.13,2026-02-04,J45.909
CLM104387,PAT1465,PRV174,5943.65,2026-07-10,I10
CLM104388,PAT1620,PRV141,9374.92,2026-03-01,INVALID_CODE
CLM104389,PAT1172,PRV213,10556.13,2026-06-10,M25.50
CLM104390,PAT1057,PRV277,4090.59,2026-01-04,Z00.00
CLM104391,PAT1421,PRV210,11477.61,2026-03-06,Z00.00
CLM104392,PAT1375,PRV204,6500.69,2026-05-06,I10
CLM104393,PAT1613,PRV249,11701.47,2026-02-19,INVALID_CODE
CLM104394,PAT1577,PRV154,4483.3,2026-07-07,E11.9
CLM104395,PAT1030,PRV177,2876.68,2026-07-18,INVALID_CODE
CLM104396,PAT1309,PRV186,5180.23,2026-02-26,E11.9
CLM104397,PAT1345,PRV129,2955.69,2026-03-22,INVALID_CODE
CLM104398,PAT1267,PRV204,823.7,2026-06-19,E11.9
CLM104399,PAT1953,PRV246,1892.8,2026-01-20,M25.50
CLM104400,PAT1189,PRV293,6631.78,2026-02-05,I10
CLM104401,PAT1021,PRV207,7494.82,2026-05-24,INVALID_CODE
CLM104402,PAT1055,PRV103,9734.11,2026-06-22,J45.909
CLM104403,PAT1697,PRV123,11500.21,2026-06-21,I10
CLM104404,PAT1563,PRV177,6853.23,2026-03-02,M25.50
CLM104405,PAT1714,PRV241,9049.84,2026-03-18,M25.50
CLM104406,PAT1654,PRV184,11090.69,2026-07-03,E11.9
CLM104407,PAT1030,PRV262,4587.8,2026-07-05,I10
CLM104408,PAT1154,PRV197,14016.83,2026-06-20,E11.9
CLM104409,PAT1376,PRV210,3448.35,2026-07-18,J45.909
CLM104410,PAT1834,PRV210,10537.83,2026-01-24,INVALID_CODE
CLM104411,PAT1660,PRV124,4033.18,2026-03-12,INVALID_CODE
CLM104412,PAT1381,PRV249,6343.78,2026-06-16,I10
CLM104413,PAT1942,PRV296,5738.07,2026-06-16,M25.50
CLM104414,PAT1534,PRV213,7416.79,2026-04-15,I10
CLM104415,PAT1773,PRV141,11192.19,2026-03-25,J45.909
CLM104416,PAT1968,PRV278,3442.86,2026-05-14,E11.9
CLM104417,PAT1397,PRV139,2321.6,2026-03-19,INVALID_CODE
CLM104418,PAT1021,PRV284,6992.92,2026-03-30,J45.909
CLM104419,PAT1020,PRV159,13180.18,2026-05-16,INVALID_CODE
CLM104420,PAT1849,PRV168,5667.58,2026-04-11,E11.9
CLM104421,PAT1855,PRV106,1784.91,2026-05-18,INVALID_CODE
CLM104422,PAT1908,PRV270,12895.8,2026-06-15,E11.9
CLM104423,PAT1675,PRV273,1776.72,2026-04-12,E11.9
CLM104424,PAT1695,PRV217,4086.86,2026-04-22,E11.9
CLM104425,PAT1862,PRV282,14261.38,2026-07-07,I10
CLM104426,PAT1583,PRV160,4500.75,2026-07-17,INVALID_CODE
CLM104427,PAT1186,PRV244,7499.04,2026-03-03,Z00.00
CLM104428,PAT1482,PRV206,12599.84,2026-04-02,I10
CLM104429,PAT1128,PRV273,2049.4,2026-07-07,J45.909
CLM104430,PAT1419,PRV149,12158.3,2026-07-09,Z00.00
CLM104431,PAT1057,PRV206,1935.79,2026-07-18,Z00.00
CLM104432,PAT1085,PRV281,3639.46,2026-04-19,I10
CLM104433,PAT1790,PRV116,9528.65,2026-06-07,M25.50
CLM104434,PAT1740,PRV119,14726.08,2026-01-28,I10
CLM104435,PAT1694,PRV125,7272.06,2026-05-04,M25.50
CLM104436,PAT1845,PRV114,1495.39,2026-06-04,INVALID_CODE
CLM104437,PAT1886,PRV239,4090.25,2026-01-02,J45.909
CLM104438,PAT1782,PRV119,1448.19,2026-06-29,E11.9
CLM104439,PAT1035,PRV262,626.98,2026-03-03,E11.9
CLM104440,PAT1592,PRV112,6118.24,2026-02-09,I10
CLM104441,PAT1107,PRV292,7375.5,2026-04-03,J45.909
CLM104442,PAT1955,PRV272,9689.56,2026-02-05,I10
CLM104443,PAT1965,PRV115,5906.27,2026-04-20,Z00.00
CLM104444,PAT1350,PRV152,5833.49,2026-06-15,E11.9
CLM104445,PAT1729,PRV118,12558.82,2026-04-04,J45.909
CLM104446,PAT1582,PRV103,11332.15,2026-04-05,Z00.00
CLM104447,PAT1601,PRV146,3603.49,2026-05-07,Z00.00
CLM104448,PAT1168,PRV226,2720.46,2026-05-22,E11.9
CLM104449,PAT1048,PRV293,3055.19,2026-05-27,I10
CLM104450,PAT1548,PRV166,4161.27,2026-01-30,M25.50
CLM104451,PAT1572,PRV179,12562.1,2026-07-16,INVALID_CODE
CLM104452,PAT1406,PRV191,14605.81,2026-06-17,E11.9
CLM104453,PAT1652,PRV121,6517.28,2026-06-10,INVALID_CODE
CLM104454,PAT1544,PRV256,4740.88,2026-01-19,Z00.00
CLM104455,PAT1528,PRV300,4399.31,2026-05-09,J45.909
CLM104456,PAT1117,PRV195,6495.87,2026-06-30,E11.9
CLM104457,PAT1977,PRV289,8344.03,2026-03-12,E11.9
CLM104458,PAT1370,PRV115,14868.83,2026-02-19,M25.50
CLM104459,PAT1522,PRV269,14756.83,2026-04-25,M25.50
CLM104460,PAT1842,PRV280,2472.77,2026-06-20,M25.50
CLM104461,PAT1785,PRV149,12683.13,2026-06-13,J45.909
CLM104462,PAT1934,PRV133,10054.41,2026-03-24,INVALID_CODE
CLM104463,PAT1186,PRV286,1355.43,2026-02-24,M25.50
CLM104464,PAT1548,PRV128,5143.92,2026-03-28,E11.9
CLM104465,PAT1671,PRV226,12819.57,2026-03-26,E11.9
CLM104466,PAT1163,PRV258,7651.63,2026-02-14,I10
CLM104467,PAT1296,PRV250,4075.48,2026-06-04,I10
CLM104468,PAT1521,PRV297,12586.14,2026-03-06,J45.909
CLM104469,PAT1603,PRV116,10322.31,2026-04-18,Z00.00
CLM104470,PAT1541,PRV123,6913.49,2026-03-25,J45.909
CLM104471,PAT1113,PRV188,6311.28,2026-04-07,E11.9
CLM104472,PAT1459,PRV132,8384.23,2026-03-19,INVALID_CODE
CLM104473,PAT1312,PRV104,9891.66,2026-04-28,E11.9
CLM104474,PAT1036,PRV214,10655.37,2026-05-05,M25.50
CLM104475,PAT1585,PRV120,6178.74,2026-05-01,Z00.00
CLM104476,PAT1982,PRV154,330.38,2026-05-05,I10
CLM104477,PAT1258,PRV268,6363.31,2026-07-16,Z00.00
CLM104478,PAT1031,PRV274,9315.42,2026-05-20,E11.9
CLM104479,PAT1758,PRV292,8990.19,2026-02-24,M25.50
CLM104480,PAT1767,PRV199,6195.01,2026-07-10,I10
CLM104481,PAT1680,PRV252,5309.46,2026-05-10,E11.9
CLM104482,PAT1572,PRV278,11385.6,2026-04-05,Z00.00
CLM104483,PAT1466,PRV132,14654.89,2026-02-01,E11.9
CLM104484,PAT1247,PRV178,4646.78,2026-03-01,INVALID_CODE
CLM104485,PAT1326,PRV123,709.02,2026-05-15,J45.909
CLM104486,PAT1584,PRV167,7936.04,2026-06-16,Z00.00
CLM104487,PAT1949,PRV110,225.87,2026-01-25,INVALID_CODE
CLM104488,PAT1572,PRV289,8858.19,2026-03-31,J45.909
CLM104489,PAT1523,PRV266,2479.59,2026-02-22,INVALID_CODE
CLM104490,PAT1599,PRV120,13528.57,2026-04-29,Z00.00
CLM104491,PAT1279,PRV297,14159.0,2026-05-21,J45.909
CLM104492,PAT1325,PRV159,834.18,2026-05-02,M25.50
CLM104493,PAT1193,PRV183,8592.93,2026-02-27,INVALID_CODE
CLM104494,PAT1112,PRV278,10375.58,2026-05-25,J45.909
CLM104495,PAT1854,PRV216,4768.52,2026-01-13,M25.50
CLM104496,PAT1617,PRV143,6110.42,2026-07-04,E11.9
CLM104497,PAT1424,PRV149,13576.37,2026-01-17,E11.9
CLM104498,PAT1797,PRV202,807.15,2026-05-18,INVALID_CODE
CLM104499,PAT1693,PRV272,9644.82,2026-05-10,J45.909
CLM104500,PAT1375,PRV263,8151.77,2026-03-05,M25.50
CLM104501,PAT1194,PRV295,4962.98,2026-06-28,I10
CLM104502,PAT1399,PRV107,5072.78,2026-06-26,INVALID_CODE
CLM104503,PAT1283,PRV256,7331.79,2026-04-12,I10
CLM104504,PAT1312,PRV210,4154.18,2026-02-09,INVALID_CODE
CLM104505,PAT1431,PRV126,11348.88,2026-06-18,I10
CLM104506,PAT1499,PRV291,4909.01,2026-07-06,M25.50
CLM104507,PAT1964,PRV199,6828.08,2026-04-16,M25.50
CLM104508,PAT1714,PRV281,8514.71,2026-06-11,Z00.00
CLM104509,PAT1136,PRV198,1277.3,2026-04-14,J45.909
CLM104510,PAT1504,PRV225,4559.09,2026-05-10,I10
CLM104511,PAT1978,PRV187,12210.95,2026-06-11,E11.9
CLM104512,PAT1405,PRV223,13942.36,2026-05-21,M25.50
CLM104513,PAT1201,PRV277,10838.09,2026-03-28,I10
CLM104514,PAT1203,PRV207,7606.89,2026-05-09,J45.909
CLM104515,PAT1549,PRV160,13803.99,2026-07-08,E11.9
CLM104516,PAT1861,PRV141,1837.23,2026-02-24,Z00.00
CLM104517,PAT1120,PRV114,1117.77,2026-05-04,E11.9
CLM104518,PAT1958,PRV173,329.96,2026-06-12,E11.9
CLM104519,PAT1660,PRV212,10641.16,2026-04-16,INVALID_CODE
CLM104520,PAT1585,PRV100,6782.01,2026-04-06,INVALID_CODE
CLM104521,PAT1929,PRV294,12864.19,2026-05-06,INVALID_CODE
CLM104522,PAT1818,PRV208,8527.97,2026-05-15,E11.9
CLM104523,PAT1652,PRV179,10179.83,2026-02-25,Z00.00
CLM104524,PAT1147,PRV172,10501.88,2026-04-11,J45.909
CLM104525,PAT1307,PRV295,11503.69,2026-03-31,I10
CLM104526,PAT1156,PRV185,12877.13,2026-05-07,I10
CLM104527,PAT1261,PRV263,14024.45,2026-07-18,Z00.00
CLM104528,PAT1882,PRV207,4416.41,2026-05-18,J45.909
CLM104529,PAT1876,PRV148,12764.96,2026-05-31,J45.909
CLM104530,PAT1337,PRV212,402.17,2026-06-18,E11.9
CLM104531,PAT1695,PRV259,14091.35,2026-02-17,I10
CLM104532,PAT1388,PRV279,4871.06,2026-06-30,I10
CLM104533,PAT1917,PRV116,5353.73,2026-06-18,M25.50
CLM104534,PAT1918,PRV281,6508.39,2026-03-11,Z00.00
CLM104535,PAT1871,PRV287,10135.95,2026-04-10,Z00.00
CLM104536,PAT1179,PRV229,2508.44,2026-02-11,INVALID_CODE
CLM104537,PAT1832,PRV198,11114.05,2026-05-16,Z00.00
CLM104538,PAT1686,PRV264,13449.64,2026-07-10,J45.909
CLM104539,PAT1462,PRV129,5586.09,2026-06-05,M25.50
CLM104540,PAT1057,PRV111,5938.8,2026-06-14,I10
CLM104541,PAT1766,PRV276,11878.82,2026-07-01,E11.9
CLM104542,PAT1465,PRV140,10907.71,2026-07-18,J45.909
CLM104543,PAT1385,PRV281,14440.18,2026-02-22,M25.50
CLM104544,PAT1546,PRV160,1228.08,2026-01-15,INVALID_CODE
CLM104545,PAT1411,PRV157,12703.03,2026-03-24,Z00.00
CLM104546,PAT1070,PRV261,9715.26,2026-03-02,M25.50
CLM104547,PAT1151,PRV198,13607.66,2026-01-01,INVALID_CODE
CLM104548,PAT1502,PRV178,7353.28,2026-06-21,J45.909
CLM104549,PAT1586,PRV160,4599.5,2026-07-04,J45.909
CLM104550,PAT1324,PRV288,14694.1,2026-03-28,M25.50
CLM104551,PAT1475,PRV107,8655.47,2026-06-08,INVALID_CODE
CLM104552,PAT1001,PRV234,848.64,2026-05-11,I10
CLM104553,PAT1003,PRV194,1589.46,2026-07-20,I10
CLM104554,PAT1769,PRV243,5960.06,2026-04-24,Z00.00
CLM104555,PAT1861,PRV108,2459.37,2026-06-26,I10
CLM104556,PAT1331,PRV244,11684.84,2026-06-12,I10
CLM104557,PAT1907,PRV151,7377.86,2026-05-23,J45.909
CLM104558,PAT1275,PRV110,5610.28,2026-06-20,E11.9
CLM104559,PAT1373,PRV184,4930.95,2026-06-25,I10
CLM104560,PAT1722,PRV230,2282.01,2026-04-03,Z00.00
CLM104561,PAT1250,PRV113,8403.02,2026-04-13,E11.9
CLM104562,PAT1657,PRV210,166.27,2026-05-30,I10
CLM104563,PAT1874,PRV218,5705.33,2026-07-20,INVALID_CODE
CLM104564,PAT1003,PRV282,3778.84,2026-01-05,J45.909
CLM104565,PAT1962,PRV106,14093.41,2026-04-28,I10
CLM104566,PAT1457,PRV135,4875.26,2026-05-12,INVALID_CODE
CLM104567,PAT1633,PRV156,13741.88,2026-06-02,J45.909
CLM104568,PAT1287,PRV246,6749.87,2026-02-09,E11.9
CLM104569,PAT1586,PRV186,3507.57,2026-03-27,I10
CLM104570,PAT1551,PRV259,6437.66,2026-03-05,M25.50
CLM104571,PAT1506,PRV274,6607.72,2026-01-07,M25.50
CLM104572,PAT1269,PRV300,3903.73,2026-06-30,J45.909
CLM104573,PAT1571,PRV239,3624.36,2026-04-11,J45.909
CLM104574,PAT1271,PRV198,12994.11,2026-03-06,I10
CLM104575,PAT1067,PRV157,2824.21,2026-05-09,Z00.00
CLM104576,PAT1741,PRV228,10106.62,2026-03-27,E11.9
CLM104577,PAT1321,PRV290,5016.21,2026-05-31,Z00.00
CLM104578,PAT1226,PRV206,752.45,2026-05-21,E11.9
CLM104579,PAT1022,PRV138,687.06,2026-04-23,J45.909
CLM104580,PAT1325,PRV294,8150.38,2026-04-09,Z00.00
CLM104581,PAT1637,PRV215,14859.1,2026-02-26,J45.909
CLM104582,PAT1395,PRV244,285.1,2026-06-08,M25.50
CLM104583,PAT1022,PRV227,14097.46,2026-04-20,Z00.00
CLM104584,PAT1595,PRV213,14830.23,2026-04-23,Z00.00
CLM104585,PAT1022,PRV281,14817.01,2026-03-29,M25.50
CLM104586,PAT1317,PRV181,8621.76,2026-02-17,Z00.00
CLM104587,PAT1174,PRV108,8210.2,2026-05-05,I10
CLM104588,PAT1550,PRV204,912.46,2026-07-16,Z00.00
CLM104589,PAT1851,PRV272,14157.16,2026-03-11,M25.50
CLM104590,PAT1284,PRV202,11746.12,2026-05-01,M25.50
CLM104591,PAT1886,PRV191,895.02,2026-01-15,J45.909
CLM104592,PAT1465,PRV255,12070.28,2026-05-14,E11.9
CLM104593,PAT1753,PRV152,12619.1,2026-02-10,INVALID_CODE
CLM104594,PAT1588,PRV258,12756.57,2026-04-28,INVALID_CODE
CLM104595,PAT1997,PRV270,7264.02,2026-02-06,E11.9
CLM104596,PAT1524,PRV109,10424.95,2026-06-01,J45.909
CLM104597,PAT1584,PRV119,11494.44,2026-07-17,Z00.00
CLM104598,PAT1846,PRV139,12936.83,2026-03-28,E11.9
CLM104599,PAT1864,PRV155,12409.27,2026-06-16,J45.909
CLM104600,PAT1094,PRV292,6032.93,2026-01-27,J45.909
CLM104601,PAT1212,PRV147,14658.2,2026-03-02,I10
CLM104602,PAT1698,PRV125,14409.91,2026-02-18,INVALID_CODE
CLM104603,PAT1214,PRV175,4426.02,2026-05-06,Z00.00
CLM104604,PAT1685,PRV178,5930.15,2026-04-08,J45.909
CLM104605,PAT1824,PRV230,10513.01,2026-03-29,I10
CLM104606,PAT1354,PRV291,12810.97,2026-05-22,Z00.00
CLM104607,PAT1944,PRV116,5301.96,2026-06-28,E11.9
CLM104608,PAT1272,PRV130,10006.93,2026-06-20,E11.9
CLM104609,PAT1799,PRV242,13446.98,2026-01-19,I10
CLM104610,PAT1048,PRV168,11148.12,2026-02-28,J45.909
CLM104611,PAT1234,PRV111,9091.74,2026-04-17,J45.909
CLM104612,PAT1516,PRV204,8089.3,2026-05-13,J45.909
CLM104613,PAT1738,PRV263,402.04,2026-01-12,I10
CLM104614,PAT1812,PRV151,14054.66,2026-03-21,M25.50
CLM104615,PAT1872,PRV146,7218.67,2026-07-10,I10
CLM104616,PAT1063,PRV239,9274.46,2026-05-01,E11.9
CLM104617,PAT1333,PRV192,5300.22,2026-03-13,I10
CLM104618,PAT1587,PRV112,10629.11,2026-05-04,E11.9
CLM104619,PAT1101,PRV282,4384.79,2026-02-02,M25.50
CLM104620,PAT1659,PRV220,1171.22,2026-05-08,Z00.00
CLM104621,PAT1776,PRV103,13827.35,2026-06-03,J45.909
CLM104622,PAT1617,PRV200,9678.33,2026-07-09,M25.50
CLM104623,PAT1829,PRV108,14855.18,2026-07-06,INVALID_CODE
CLM104624,PAT1911,PRV174,12511.87,2026-05-26,INVALID_CODE
CLM104625,PAT1901,PRV235,14663.78,2026-01-04,M25.50
CLM104626,PAT1043,PRV235,4780.39,2026-06-29,M25.50
CLM104627,PAT1320,PRV124,4600.56,2026-04-10,Z00.00
CLM104628,PAT1216,PRV163,11525.25,2026-06-15,Z00.00
CLM104629,PAT1335,PRV127,8843.93,2026-04-09,INVALID_CODE
CLM104630,PAT1612,PRV185,6353.46,2026-05-18,E11.9
CLM104631,PAT1131,PRV223,8698.5,2026-06-27,E11.9
CLM104632,PAT1182,PRV297,9887.55,2026-05-11,E11.9
CLM104633,PAT1919,PRV196,663.61,2026-01-10,Z00.00
CLM104634,PAT1563,PRV161,734.96,2026-06-05,Z00.00
CLM104635,PAT1908,PRV167,4235.73,2026-01-28,J45.909
CLM104636,PAT1989,PRV104,11391.22,2026-02-07,Z00.00
CLM104637,PAT1613,PRV288,13774.89,2026-04-18,E11.9
CLM104638,PAT1964,PRV105,3294.18,2026-03-25,J45.909
CLM104639,PAT1944,PRV112,12941.49,2026-05-11,E11.9
CLM104640,PAT1447,PRV126,5872.24,2026-02-06,I10
CLM104641,PAT1776,PRV265,557.13,2026-03-15,Z00.00
CLM104642,PAT1354,PRV255,6012.55,2026-02-06,M25.50
CLM104643,PAT1356,PRV193,7923.79,2026-05-18,J45.909
CLM104644,PAT1486,PRV205,12164.76,2026-03-17,Z00.00
CLM104645,PAT1214,PRV112,12510.88,2026-04-17,E11.9
CLM104646,PAT1125,PRV139,8256.52,2026-01-26,M25.50
CLM104647,PAT1246,PRV232,14076.14,2026-03-07,Z00.00
CLM104648,PAT1623,PRV291,5724.14,2026-05-01,J45.909
CLM104649,PAT1251,PRV180,6355.87,2026-05-16,I10
CLM104650,PAT1909,PRV191,3574.12,2026-03-21,Z00.00
CLM104651,PAT1538,PRV237,8263.27,2026-01-03,INVALID_CODE
CLM104652,PAT1116,PRV266,4730.46,2026-02-15,M25.50
CLM104653,PAT1919,PRV275,1376.44,2026-07-01,INVALID_CODE
CLM104654,PAT1232,PRV231,6271.83,2026-02-19,E11.9
CLM104655,PAT1317,PRV266,9989.15,2026-06-02,M25.50
CLM104656,PAT1664,PRV130,10762.11,2026-01-11,M25.50
CLM104657,PAT1879,PRV244,4648.54,2026-06-12,Z00.00
CLM104658,PAT1142,PRV126,13333.23,2026-02-18,M25.50
CLM104659,PAT1002,PRV251,12853.37,2026-05-18,J45.909
CLM104660,PAT1774,PRV166,1156.18,2026-04-23,J45.909
CLM104661,PAT1723,PRV278,6787.71,2026-04-16,M25.50
CLM104662,PAT1344,PRV269,5641.46,2026-02-26,E11.9
CLM104663,PAT1307,PRV263,13960.01,2026-07-13,Z00.00
CLM104664,PAT1213,PRV245,14556.62,2026-03-04,M25.50
CLM104665,PAT1981,PRV157,8926.91,2026-03-13,J45.909
CLM104666,PAT1063,PRV300,4273.67,2026-04-11,I10
CLM104667,PAT1735,PRV155,10895.74,2026-06-03,M25.50
CLM104668,PAT1172,PRV143,8682.05,2026-03-04,Z00.00
CLM104669,PAT1524,PRV237,8355.28,2026-05-28,I10
CLM104670,PAT1761,PRV182,1910.64,2026-05-11,E11.9
CLM104671,PAT1746,PRV134,13021.32,2026-07-04,J45.909
CLM104672,PAT1188,PRV179,11677.45,2026-01-31,E11.9
CLM104673,PAT1743,PRV115,6963.19,2026-07-17,E11.9
CLM104674,PAT1767,PRV265,10927.14,2026-06-29,I10
CLM104675,PAT1407,PRV217,6220.03,2026-05-01,INVALID_CODE
CLM104676,PAT1784,PRV171,3186.71,2026-02-02,I10
CLM104677,PAT1902,PRV174,2454.48,2026-01-23,E11.9
CLM104678,PAT1189,PRV245,4212.98,2026-07-09,I10
CLM104679,PAT1517,PRV177,2124.99,2026-06-24,M25.50
CLM104680,PAT1202,PRV103,6409.2,2026-03-28,INVALID_CODE
CLM104681,PAT1670,PRV268,6450.66,2026-05-01,Z00.00
CLM104682,PAT1677,PRV142,7983.98,2026-05-05,I10
CLM104683,PAT1057,PRV219,7495.12,2026-01-30,E11.9
CLM104684,PAT1306,PRV164,13836.6,2026-02-20,E11.9
CLM104685,PAT1851,PRV205,12819.0,2026-01-25,M25.50
CLM104686,PAT1289,PRV172,13220.86,2026-05-22,E11.9
CLM104687,PAT1574,PRV198,11505.87,2026-02-18,Z00.00
CLM104688,PAT1899,PRV183,6946.05,2026-03-14,Z00.00
CLM104689,PAT1265,PRV109,9613.83,2026-01-20,INVALID_CODE
CLM104690,PAT1205,PRV143,8099.31,2026-06-12,INVALID_CODE
CLM104691,PAT1869,PRV191,7618.85,2026-01-02,I10
CLM104692,PAT1393,PRV183,9046.81,2026-06-29,E11.9
CLM104693,PAT1694,PRV235,8173.08,2026-04-01,I10
CLM104694,PAT1205,PRV235,13214.34,2026-05-04,I10
CLM104695,PAT1581,PRV269,9360.08,2026-01-18,E11.9
CLM104696,PAT1266,PRV266,7430.95,2026-06-16,M25.50
CLM104697,PAT1076,PRV279,10311.89,2026-07-17,M25.50
CLM104698,PAT1806,PRV223,3418.75,2026-04-20,I10
CLM104699,PAT1327,PRV119,6435.44,2026-03-11,INVALID_CODE
CLM104700,PAT1296,PRV149,10773.02,2026-02-24,INVALID_CODE
CLM104701,PAT1447,PRV291,4370.12,2026-03-22,I10
CLM104702,PAT1311,PRV165,10239.47,2026-05-31,I10
CLM104703,PAT1390,PRV206,14608.52,2026-03-16,I10
CLM104704,PAT1805,PRV141,5077.99,2026-01-03,INVALID_CODE
CLM104705,PAT1739,PRV134,7090.17,2026-03-25,I10
CLM104706,PAT1980,PRV207,5879.38,2026-05-15,M25.50
CLM104707,PAT1591,PRV171,6314.02,2026-03-09,Z00.00
CLM104708,PAT1318,PRV300,9211.44,2026-03-16,E11.9
CLM104709,PAT1613,PRV289,7081.8,2026-02-20,I10
CLM104710,PAT1093,PRV184,11059.24,2026-05-08,J45.909
CLM104711,PAT1750,PRV289,8430.73,2026-06-23,Z00.00
CLM104712,PAT1370,PRV122,5480.45,2026-01-28,INVALID_CODE
CLM104713,PAT1158,PRV141,3786.88,2026-01-04,J45.909
CLM104714,PAT1992,PRV190,4732.62,2026-01-23,I10
CLM104715,PAT1576,PRV174,5172.56,2026-06-15,INVALID_CODE
CLM104716,PAT1313,PRV165,10834.61,2026-03-02,M25.50
CLM104717,PAT1832,PRV104,8980.28,2026-03-20,E11.9
CLM104718,PAT1018,PRV224,4940.95,2026-02-02,Z00.00
CLM104719,PAT1762,PRV109,7537.34,2026-01-25,I10
CLM104720,PAT1163,PRV282,12391.91,2026-01-17,M25.50
CLM104721,PAT1445,PRV271,4376.28,2026-03-01,Z00.00
CLM104722,PAT1399,PRV287,7691.97,2026-06-19,Z00.00
CLM104723,PAT1014,PRV263,2852.8,2026-04-17,Z00.00
CLM104724,PAT1606,PRV150,3609.91,2026-02-28,Z00.00
CLM104725,PAT1908,PRV264,13452.4,2026-06-08,J45.909
CLM104726,PAT1330,PRV122,2029.57,2026-05-05,M25.50
CLM104727,PAT1310,PRV235,12601.11,2026-05-14,INVALID_CODE
CLM104728,PAT1651,PRV288,4915.94,2026-02-03,E11.9
CLM104729,PAT1148,PRV264,11288.97,2026-06-05,J45.909
CLM104730,PAT1330,PRV268,10964.02,2026-02-06,INVALID_CODE
CLM104731,PAT1085,PRV195,12402.7,2026-01-14,E11.9
CLM104732,PAT1887,PRV121,6240.17,2026-07-09,INVALID_CODE
CLM104733,PAT1548,PRV182,2257.64,2026-03-06,M25.50
CLM104734,PAT1927,PRV297,6496.84,2026-01-20,I10
CLM104735,PAT1818,PRV240,11054.52,2026-05-21,E11.9
CLM104736,PAT1827,PRV262,8519.96,2026-04-09,Z00.00
CLM104737,PAT1977,PRV146,1247.64,2026-03-02,J45.909
CLM104738,PAT1193,PRV110,3970.2,2026-01-23,E11.9
CLM104739,PAT1456,PRV112,1601.7,2026-02-21,J45.909
CLM104740,PAT1600,PRV163,14385.96,2026-06-08,M25.50
CLM104741,PAT1658,PRV132,3334.44,2026-02-19,M25.50
CLM104742,PAT1098,PRV198,10464.51,2026-05-29,M25.50
CLM104743,PAT1528,PRV166,5866.39,2026-03-12,J45.909
CLM104744,PAT1135,PRV254,5357.42,2026-05-11,Z00.00
CLM104745,PAT1213,PRV252,8738.36,2026-05-18,J45.909
CLM104746,PAT1846,PRV119,9411.5,2026-07-02,INVALID_CODE
CLM104747,PAT1132,PRV175,12410.78,2026-05-22,I10
CLM104748,PAT1659,PRV196,587.24,2026-03-22,Z00.00
CLM104749,PAT1370,PRV159,1870.87,2026-01-27,Z00.00
CLM104750,PAT1457,PRV172,8660.47,2026-01-13,J45.909
CLM104751,PAT1497,PRV169,3640.15,2026-04-18,E11.9
CLM104752,PAT1798,PRV191,1086.36,2026-06-20,M25.50
CLM104753,PAT1387,PRV102,4881.35,2026-05-31,M25.50
CLM104754,PAT1259,PRV132,5822.15,2026-02-24,INVALID_CODE
CLM104755,PAT1814,PRV138,14169.76,2026-07-11,I10
CLM104756,PAT1577,PRV241,8560.12,2026-02-16,Z00.00
CLM104757,PAT1215,PRV237,4606.12,2026-02-06,J45.909
CLM104758,PAT1298,PRV180,4866.52,2026-05-09,J45.909
CLM104759,PAT1322,PRV235,12529.67,2026-06-10,INVALID_CODE
CLM104760,PAT1295,PRV299,4266.32,2026-03-01,Z00.00
CLM104761,PAT1881,PRV208,5374.08,2026-01-20,Z00.00
CLM104762,PAT1830,PRV226,2483.32,2026-01-10,Z00.00
CLM104763,PAT1605,PRV191,5579.23,2026-03-14,M25.50
CLM104764,PAT1451,PRV291,13328.97,2026-04-05,INVALID_CODE
CLM104765,PAT1337,PRV245,13548.2,2026-02-17,INVALID_CODE
CLM104766,PAT1547,PRV292,1484.34,2026-05-01,J45.909
CLM104767,PAT1205,PRV127,8083.55,2026-01-15,Z00.00
CLM104768,PAT1563,PRV270,6717.63,2026-03-01,Z00.00
CLM104769,PAT1347,PRV107,8249.78,2026-03-30,E11.9
CLM104770,PAT1504,PRV262,2685.36,2026-05-28,Z00.00
CLM104771,PAT1519,PRV227,10222.58,2026-04-09,INVALID_CODE
CLM104772,PAT1650,PRV239,10448.31,2026-02-02,Z00.00
CLM104773,PAT1033,PRV271,7274.62,2026-06-07,J45.909
CLM104774,PAT1311,PRV180,5330.41,2026-02-18,E11.9
CLM104775,PAT1004,PRV286,5555.0,2026-07-10,Z00.00
CLM104776,PAT1211,PRV286,12937.02,2026-03-28,INVALID_CODE
CLM104777,PAT1744,PRV244,428.43,2026-06-25,INVALID_CODE
CLM104778,PAT1176,PRV158,9200.92,2026-05-16,J45.909
CLM104779,PAT1647,PRV125,12372.08,2026-05-20,I10
CLM104780,PAT1487,PRV217,1344.49,2026-04-12,INVALID_CODE
CLM104781,PAT1875,PRV271,1498.68,2026-01-05,M25.50
CLM104782,PAT1827,PRV294,7295.99,2026-04-25,I10
CLM104783,PAT1209,PRV125,14031.42,2026-07-09,J45.909
CLM104784,PAT1761,PRV271,8127.85,2026-05-26,Z00.00
CLM104785,PAT1187,PRV139,8500.25,2026-07-19,E11.9
CLM104786,PAT1995,PRV162,5705.85,2026-06-28,E11.9
CLM104787,PAT1009,PRV168,8160.31,2026-01-31,Z00.00
CLM104788,PAT1977,PRV124,3746.76,2026-05-13,E11.9
CLM104789,PAT1558,PRV213,4512.37,2026-05-22,I10
CLM104790,PAT1094,PRV149,12665.5,2026-07-09,I10
CLM104791,PAT1056,PRV271,1105.12,2026-05-19,I10
CLM104792,PAT1552,PRV263,7089.59,2026-03-27,INVALID_CODE
CLM104793,PAT1507,PRV186,7217.24,2026-05-03,I10
CLM104794,PAT1885,PRV149,10455.53,2026-01-07,E11.9
CLM104795,PAT1234,PRV267,10507.55,2026-06-09,I10
CLM104796,PAT1299,PRV131,9506.34,2026-01-28,INVALID_CODE
CLM104797,PAT1217,PRV249,12386.76,2026-02-14,I10
CLM104798,PAT1160,PRV130,2975.52,2026-06-05,Z00.00
CLM104799,PAT1146,PRV181,11852.05,2026-07-10,I10
CLM104800,PAT1011,PRV291,277.97,2026-07-20,Z00.00
CLM104801,PAT1394,PRV250,6085.58,2026-01-23,E11.9
CLM104802,PAT1944,PRV159,8078.83,2026-04-16,E11.9
CLM104803,PAT1907,PRV236,7620.17,2026-03-30,J45.909
CLM104804,PAT1568,PRV289,13283.57,2026-04-10,Z00.00
CLM104805,PAT1862,PRV144,3981.13,2026-02-06,E11.9
CLM104806,PAT1710,PRV200,3748.6,2026-05-19,J45.909
CLM104807,PAT1654,PRV259,5349.41,2026-04-20,INVALID_CODE
CLM104808,PAT1319,PRV290,11137.63,2026-01-16,INVALID_CODE
CLM104809,PAT1120,PRV191,9543.35,2026-01-12,M25.50
CLM104810,PAT1470,PRV192,4739.29,2026-07-02,I10
CLM104811,PAT1937,PRV244,13656.52,2026-04-09,Z00.00
CLM104812,PAT1602,PRV120,5774.65,2026-03-08,Z00.00
CLM104813,PAT1929,PRV195,7506.56,2026-06-23,Z00.00
CLM104814,PAT1825,PRV111,1540.46,2026-01-05,M25.50
CLM104815,PAT1082,PRV243,2625.27,2026-01-14,E11.9
CLM104816,PAT1489,PRV282,12699.93,2026-05-02,INVALID_CODE
CLM104817,PAT1127,PRV257,7943.32,2026-03-24,E11.9
CLM104818,PAT1330,PRV123,12258.87,2026-01-18,J45.909
CLM104819,PAT1224,PRV227,1008.64,2026-01-12,Z00.00
CLM104820,PAT1950,PRV253,1781.36,2026-03-12,INVALID_CODE
CLM104821,PAT1925,PRV215,4655.37,2026-01-18,INVALID_CODE
CLM104822,PAT1163,PRV133,10405.83,2026-05-29,E11.9
CLM104823,PAT1670,PRV105,11774.24,2026-04-07,INVALID_CODE
CLM104824,PAT1774,PRV200,5791.34,2026-01-13,INVALID_CODE
CLM104825,PAT1063,PRV252,5066.67,2026-07-06,INVALID_CODE
CLM104826,PAT1052,PRV275,2899.4,2026-06-02,M25.50
CLM104827,PAT1486,PRV190,5733.9,2026-01-14,E11.9
CLM104828,PAT1890,PRV216,2195.25,2026-02-17,I10
CLM104829,PAT1495,PRV277,4926.07,2026-05-27,E11.9
CLM104830,PAT1736,PRV292,13510.97,2026-03-06,M25.50
CLM104831,PAT1170,PRV121,561.03,2026-01-15,J45.909
CLM104832,PAT1221,PRV152,10033.5,2026-05-18,INVALID_CODE
CLM104833,PAT1815,PRV295,6125.25,2026-04-02,INVALID_CODE
CLM104834,PAT1554,PRV136,4672.43,2026-01-01,E11.9
CLM104835,PAT1242,PRV218,6520.69,2026-04-16,M25.50
CLM104836,PAT1543,PRV264,5351.93,2026-02-20,I10
CLM104837,PAT1484,PRV252,10025.98,2026-01-01,M25.50
CLM104838,PAT1739,PRV281,9247.31,2026-03-19,Z00.00
CLM104839,PAT1939,PRV176,12917.91,2026-03-27,J45.909
CLM104840,PAT2000,PRV209,13802.61,2026-04-20,I10
CLM104841,PAT1890,PRV170,1598.51,2026-05-23,I10
CLM104842,PAT1989,PRV130,2633.18,2026-05-02,Z00.00
CLM104843,PAT1152,PRV192,2333.5,2026-03-18,J45.909
CLM104844,PAT1878,PRV292,8526.94,2026-07-06,M25.50
CLM104845,PAT1828,PRV132,8972.06,2026-07-13,INVALID_CODE
CLM104846,PAT1681,PRV155,11640.07,2026-01-16,INVALID_CODE
CLM104847,PAT1154,PRV188,11782.82,2026-04-26,Z00.00
CLM104848,PAT1956,PRV178,1229.15,2026-02-11,M25.50
CLM104849,PAT1987,PRV110,5528.87,2026-02-03,I10
CLM104850,PAT1225,PRV133,12792.16,2026-02-10,J45.909
CLM104851,PAT1649,PRV260,447.43,2026-02-01,INVALID_CODE
CLM104852,PAT1975,PRV234,8001.76,2026-04-25,Z00.00
CLM104853,PAT1534,PRV227,707.3,2026-04-21,M25.50
CLM104854,PAT1288,PRV282,3388.26,2026-02-18,J45.909
CLM104855,PAT1865,PRV138,10818.58,2026-01-04,INVALID_CODE
CLM104856,PAT1611,PRV229,14816.6,2026-03-20,E11.9
CLM104857,PAT1227,PRV149,11592.12,2026-03-17,I10
CLM104858,PAT1571,PRV158,7373.16,2026-04-25,E11.9
CLM104859,PAT1250,PRV128,14188.52,2026-03-26,I10
CLM104860,PAT1429,PRV286,6073.95,2026-02-17,M25.50
CLM104861,PAT1520,PRV287,4777.18,2026-05-08,Z00.00
CLM104862,PAT1217,PRV268,14369.35,2026-02-03,I10
CLM104863,PAT1513,PRV103,1076.97,2026-04-08,J45.909
CLM104864,PAT1369,PRV292,14502.71,2026-01-22,M25.50
CLM104865,PAT1871,PRV105,11315.57,2026-05-02,E11.9
CLM104866,PAT1111,PRV257,12168.03,2026-01-05,J45.909
CLM104867,PAT1764,PRV102,567.88,2026-01-25,M25.50
CLM104868,PAT1323,PRV249,968.19,2026-05-19,I10
CLM104869,PAT1861,PRV225,5410.56,2026-04-05,INVALID_CODE
CLM104870,PAT1720,PRV247,14423.88,2026-02-05,INVALID_CODE
CLM104871,PAT1513,PRV111,830.03,2026-03-20,I10
CLM104872,PAT1206,PRV164,14600.47,2026-06-30,E11.9
CLM104873,PAT1473,PRV270,11455.02,2026-07-09,Z00.00
CLM104874,PAT1470,PRV250,1624.11,2026-01-11,E11.9
CLM104875,PAT1615,PRV122,4071.37,2026-07-14,E11.9
CLM104876,PAT1409,PRV117,4299.84,2026-04-01,M25.50
CLM104877,PAT1100,PRV111,6650.55,2026-06-23,INVALID_CODE
CLM104878,PAT1645,PRV187,7171.85,2026-05-18,Z00.00
CLM104879,PAT1043,PRV272,6551.82,2026-03-26,E11.9
CLM104880,PAT1339,PRV118,9253.46,2026-01-06,E11.9
CLM104881,PAT1576,PRV236,3630.76,2026-06-18,I10
CLM104882,PAT1986,PRV239,10942.85,2026-05-26,J45.909
CLM104883,PAT1371,PRV280,4730.38,2026-01-14,E11.9
CLM104884,PAT1075,PRV224,297.02,2026-03-13,M25.50
CLM104885,PAT1510,PRV250,8188.27,2026-03-31,I10
CLM104886,PAT1755,PRV269,2825.69,2026-03-27,Z00.00
CLM104887,PAT1674,PRV202,14312.96,2026-02-25,I10
CLM104888,PAT1382,PRV234,5071.78,2026-03-26,J45.909
CLM104889,PAT1407,PRV220,373.75,2026-01-09,INVALID_CODE
CLM104890,PAT1821,PRV282,11934.33,2026-04-28,E11.9
CLM104891,PAT1716,PRV288,2039.59,2026-02-20,INVALID_CODE
CLM104892,PAT1079,PRV228,9662.3,2026-04-26,J45.909
CLM104893,PAT1712,PRV205,9517.9,2026-07-02,Z00.00
CLM104894,PAT1273,PRV260,8214.68,2026-01-30,J45.909
CLM104895,PAT1655,PRV287,11792.01,2026-05-12,M25.50
CLM104896,PAT1740,PRV222,14463.87,2026-05-24,M25.50
CLM104897,PAT1087,PRV186,7845.52,2026-07-15,Z00.00
CLM104898,PAT1365,PRV287,5656.95,2026-03-06,M25.50
CLM104899,PAT1037,PRV233,4367.54,2026-03-08,J45.909
CLM104900,PAT1788,PRV265,1405.97,2026-04-05,J45.909
CLM104901,PAT1967,PRV242,5825.73,2026-05-26,E11.9
CLM104902,PAT1285,PRV254,3036.23,2026-01-15,INVALID_CODE
CLM104903,PAT1007,PRV193,2892.1,2026-01-10,E11.9
CLM104904,PAT1957,PRV258,13272.61,2026-07-17,E11.9
CLM104905,PAT1890,PRV145,1710.54,2026-07-17,INVALID_CODE
CLM104906,PAT1398,PRV122,9000.67,2026-06-09,M25.50
CLM104907,PAT1622,PRV171,3385.53,2026-03-19,M25.50
CLM104908,PAT1002,PRV290,206.62,2026-02-14,I10
CLM104909,PAT1347,PRV106,14047.05,2026-06-20,INVALID_CODE
CLM104910,PAT1035,PRV248,588.19,2026-04-14,I10
CLM104911,PAT1327,PRV156,2170.43,2026-01-10,E11.9
CLM104912,PAT1060,PRV255,805.59,2026-07-01,Z00.00
CLM104913,PAT1116,PRV284,14815.99,2026-03-11,Z00.00
CLM104914,PAT1587,PRV101,12577.55,2026-01-07,E11.9
CLM104915,PAT1947,PRV142,10434.78,2026-01-12,Z00.00
CLM104916,PAT1460,PRV211,10363.69,2026-05-16,INVALID_CODE
CLM104917,PAT1795,PRV270,8948.03,2026-05-16,E11.9
CLM104918,PAT1870,PRV200,4692.68,2026-04-06,J45.909
CLM104919,PAT1888,PRV217,13124.03,2026-07-20,M25.50
CLM104920,PAT1319,PRV280,6994.99,2026-03-02,INVALID_CODE
CLM104921,PAT1079,PRV179,4535.98,2026-06-10,E11.9
CLM104922,PAT1526,PRV122,13701.41,2026-05-09,E11.9
CLM104923,PAT1511,PRV203,6332.85,2026-07-13,I10
CLM104924,PAT1539,PRV298,6222.66,2026-05-16,E11.9
CLM104925,PAT1670,PRV125,776.35,2026-01-22,I10
CLM104926,PAT1648,PRV203,8424.89,2026-02-18,M25.50
CLM104927,PAT1796,PRV235,3915.74,2026-01-18,INVALID_CODE
CLM104928,PAT1019,PRV219,10795.27,2026-03-01,INVALID_CODE
CLM104929,PAT1679,PRV103,493.69,2026-03-07,Z00.00
CLM104930,PAT1059,PRV134,8533.9,2026-04-17,I10
CLM104931,PAT1352,PRV121,2198.56,2026-02-06,E11.9
CLM104932,PAT1446,PRV202,4366.75,2026-06-30,I10
CLM104933,PAT1898,PRV138,14229.06,2026-01-05,M25.50
CLM104934,PAT1919,PRV184,6751.83,2026-03-22,M25.50
CLM104935,PAT1108,PRV210,13859.54,2026-07-20,J45.909
CLM104936,PAT1142,PRV162,4623.4,2026-03-29,Z00.00
CLM104937,PAT1665,PRV174,1296.35,2026-02-26,E11.9
CLM104938,PAT1859,PRV228,5784.17,2026-05-08,E11.9
CLM104939,PAT1227,PRV194,13248.43,2026-05-11,I10
CLM104940,PAT1915,PRV274,268.6,2026-06-17,INVALID_CODE
CLM104941,PAT1003,PRV277,14852.18,2026-06-10,I10
CLM104942,PAT1408,PRV114,4183.19,2026-07-10,M25.50
CLM104943,PAT1290,PRV118,12003.91,2026-04-27,INVALID_CODE
CLM104944,PAT1980,PRV155,2040.14,2026-07-17,Z00.00
CLM104945,PAT1332,PRV278,3568.4,2026-07-12,Z00.00
CLM104946,PAT1466,PRV177,14187.18,2026-04-08,INVALID_CODE
CLM104947,PAT1368,PRV110,6900.18,2026-03-03,J45.909
CLM104948,PAT1345,PRV258,12755.09,2026-01-27,Z00.00
CLM104949,PAT1651,PRV262,12644.65,2026-03-11,J45.909
CLM104950,PAT1160,PRV264,1404.73,2026-02-01,I10
CLM104951,PAT1230,PRV114,8595.16,2026-02-09,I10
CLM104952,PAT1009,PRV262,8966.49,2026-03-30,Z00.00
CLM104953,PAT1119,PRV161,2397.16,2026-06-05,J45.909
CLM104954,PAT1171,PRV158,6660.15,2026-01-13,I10
CLM104955,PAT1272,PRV238,1837.64,2026-06-30,J45.909
CLM104956,PAT1501,PRV130,14495.26,2026-01-19,I10
CLM104957,PAT1642,PRV207,14267.73,2026-04-28,Z00.00
CLM104958,PAT1748,PRV119,6305.94,2026-07-05,E11.9
CLM104959,PAT1181,PRV176,9438.79,2026-01-18,INVALID_CODE
CLM104960,PAT1918,PRV255,13739.81,2026-06-15,Z00.00
CLM104961,PAT1449,PRV294,4040.56,2026-06-29,M25.50
CLM104962,PAT1881,PRV157,2328.99,2026-02-02,J45.909
CLM104963,PAT1956,PRV183,11686.74,2026-02-20,J45.909
CLM104964,PAT1716,PRV101,9570.53,2026-06-13,INVALID_CODE
CLM104965,PAT1415,PRV128,6079.89,2026-06-11,E11.9
CLM104966,PAT1722,PRV100,3203.43,2026-03-24,M25.50
CLM104967,PAT1025,PRV108,4046.41,2026-07-10,I10
CLM104968,PAT1614,PRV288,14926.78,2026-02-13,Z00.00
CLM104969,PAT1025,PRV250,3480.21,2026-06-08,M25.50
CLM104970,PAT1954,PRV201,6881.89,2026-07-10,M25.50
CLM104971,PAT1701,PRV298,11849.05,2026-05-02,INVALID_CODE
CLM104972,PAT1934,PRV155,11405.94,2026-06-12,M25.50
CLM104973,PAT1829,PRV223,10777.86,2026-03-13,J45.909
CLM104974,PAT1813,PRV112,5498.68,2026-06-17,Z00.00
CLM104975,PAT1766,PRV268,4626.87,2026-05-06,E11.9
CLM104976,PAT1490,PRV204,4442.09,2026-06-19,I10
CLM104977,PAT1609,PRV227,11865.84,2026-03-23,INVALID_CODE
CLM104978,PAT1112,PRV149,3642.97,2026-05-15,J45.909
CLM104979,PAT1597,PRV279,10916.08,2026-03-18,E11.9
CLM104980,PAT1109,PRV145,6060.12,2026-05-11,Z00.00
CLM104981,PAT1378,PRV277,11224.49,2026-02-28,I10
CLM104982,PAT1887,PRV129,9517.94,2026-06-10,E11.9
CLM104983,PAT1229,PRV235,2559.85,2026-03-03,M25.50
CLM104984,PAT1669,PRV105,291.56,2026-05-08,J45.909
CLM104985,PAT1829,PRV101,5962.84,2026-05-30,M25.50
CLM104986,PAT1317,PRV245,512.17,2026-03-11,M25.50
CLM104987,PAT1576,PRV172,8815.01,2026-06-23,M25.50
CLM104988,PAT1091,PRV182,3570.53,2026-05-01,Z00.00
CLM104989,PAT1811,PRV125,9873.42,2026-03-06,J45.909
CLM104990,PAT1739,PRV205,7380.82,2026-02-14,I10
CLM104991,PAT1579,PRV290,2407.55,2026-01-06,INVALID_CODE
CLM104992,PAT1067,PRV298,5122.3,2026-05-07,I10
CLM104993,PAT1309,PRV218,8464.2,2026-04-04,E11.9
CLM104994,PAT1305,PRV186,6327.89,2026-01-29,Z00.00
CLM104995,PAT1326,PRV284,8140.08,2026-02-24,INVALID_CODE
CLM104996,PAT1858,PRV272,9935.66,2026-05-25,E11.9
CLM104997,PAT1588,PRV287,8412.3,2026-07-13,M25.50
CLM104998,PAT1282,PRV238,14839.63,2026-03-21,INVALID_CODE
CLM104999,PAT1674,PRV190,10776.36,2026-02-06,Z00.00
CLM105000,PAT1451,PRV238,2278.38,2026-05-29,INVALID_CODE
